aa_new_seq	aa_position	aa_ref_seq	clone	codon_new_seq	codon_number	codon_position	codon_position_is_indeterminate	codon_ref_seq	duplication_size	frequency	gene_name	gene_position	gene_product	gene_strand	genes_inactivated	genes_overlapping	genes_promoter	insert_position	locus_tag	locus_tags_inactivated	locus_tags_overlapping	locus_tags_promoter	mutation_category	mutator_status	new_read_count	new_read_count_basis	new_seq	population	position	position_end	position_start	ref_read_count	ref_read_count_basis	ref_seq	repeat_length	repeat_name	repeat_new_copies	repeat_ref_copies	repeat_seq	repeat_size	seq_id	size	snp_type	strand	time	title	transl_table	treatment	type
R	310	L		CGG	310	2		CTG		5.80220222e-02	carB	929	carbamoyl-phosphate synthetase large subunit	>		carB			b0033		b0033		snp_nonsynonymous		15	1	G		31745	31745	31745	201	1	T							NC_000913		nonsynonymous		-1	S11_MG1655_WT@Start_Second	11		SNP
P	487	T		CCG	487	1		ACG		5.27853966e-02	glnD	1459	protein-PII uridylyltransferase/uridylyl-removing enzyme	<		glnD			b0167		b0167		snp_nonsynonymous		22	1	G		187192	187192	187192	314	1	T							NC_000913		nonsynonymous		-1	S11_MG1655_WT@Start_Second	11		SNP
N	42	K		AAC	42	3		AAA		5.56321144e-02	rcsF	126	sensor lipoprotein RcsF	<		rcsF			b0196		b0196		snp_nonsynonymous		24	1	G		219870	219870	219870	329	1	T							NC_000913		nonsynonymous		-1	S11_MG1655_WT@Start_Second	11		SNP
N	68	H		AAT	68	1		CAT		7.12151527e-02	ykfM	202	uncharacterized protein YkfM	<		ykfM			b4586		b4586		snp_nonsynonymous		38	1	T		238535	238535	238535	370	1	G							NC_000913		nonsynonymous		-1	S11_MG1655_WT@Start_Second	11		SNP
R	57	L		CGC	57	2		CTC		8.55903625e-02	paoD	170	molybdenum cofactor insertion chaperone PaoD	<		paoD			b0283		b0283		snp_nonsynonymous		27	1	C		298557	298557	298557	249	1	A							NC_000913		nonsynonymous		-1	S11_MG1655_WT@Start_Second	11		SNP
V	139	F		GTT	139	1		TTT		6.47397041e-02	gloC	415	hydroxyacylglutathione hydrolase GloC	>		gloC			b0927		b0927		snp_nonsynonymous		20	1	G		984064	984064	984064	247	1	T							NC_000913		nonsynonymous		-1	S11_MG1655_WT@Start_Second	11		SNP
P	66	T		CCG	66	1		ACG		7.11030960e-02	ycbF	196	putative fimbrial chaperone YcbF	>		ycbF			b0944		b0944		snp_nonsynonymous		27	1	C		1004142	1004142	1004142	295	1	A							NC_000913		nonsynonymous		-1	S11_MG1655_WT@Start_Second	11		SNP
G	401	G		GGG	401	3		GGT		6.62822723e-02	efeB	1203	heme-containing peroxidase/deferrochelatase	>		efeB			b1019		b1019		snp_synonymous		32	1	G		1084578	1084578	1084578	383	1	T							NC_000913		synonymous		-1	S11_MG1655_WT@Start_Second	11		SNP
R	4	R		CGG	4	3		CGT		5.27424812e-02	cobB	12	protein-lysine deacetylase/desuccinylase/lipoamidase	>		cobB			b1120		b1120		snp_synonymous		18	1	G		1179531	1179531	1179531	261	1	T							NC_000913		synonymous		-1	S11_MG1655_WT@Start_Second	11		SNP
G	30	G		GGG	30	3		GGT		7.54137039e-02	ymfR	90	IPR020297 domain-containing protein YmfR	>		ymfR			b1150		b1150		snp_synonymous		26	1	G		1205638	1205638	1205638	279	1	T							NC_000913		synonymous		-1	S11_MG1655_WT@Start_Second	11		SNP
										5.25903702e-02	ydbA	pseudogene (945/2518 nt)	putative outer membrane protein, N-terminal fragment	>		ydbA			b4492		b4492		snp_pseudogene		19	1	G		1466336	1466336	1466336	291	1	C							NC_000913		pseudogene		-1	S11_MG1655_WT@Start_Second			SNP
										1	ydcI/ydcJ	intergenic (-88/-129)	DNA-binding transcriptional dual regulator YdcI/DUF1338 domain-containing protein YdcJ	</>			ydcI		b1422/b1423			b1422	small_indel		443	1			1495159	1495159	1495159	2	1	A							NC_000913	1			-1	S11_MG1655_WT@Start_Second			DEL
*	313	S		TGA	313	2		TCA		5.51161766e-02	ddpB	938	putative D,D-dipeptide ABC transporter membrane subunit DdpB	<		ddpB			b1486		b1486		snp_nonsense		19	1	C		1559992	1559992	1559992	262	1	G							NC_000913		nonsense		-1	S11_MG1655_WT@Start_Second	11		SNP
E	579	E		GAG	579	3		GAA		7.21778870e-02	rsxC	1737	SoxR [2Fe-2S] reducing system protein RsxC	>		rsxC			b1629		b1629		snp_synonymous		36	1	G		1708655	1708655	1708655	447	1	A							NC_000913		synonymous		-1	S11_MG1655_WT@Start_Second	11		SNP
R	597	R		CGA	597	3		CGT		1.40041351e-01	rsxC	1791	SoxR [2Fe-2S] reducing system protein RsxC	>		rsxC			b1629		b1629		snp_synonymous		60	1	A		1708709	1708709	1708709	324	1	T							NC_000913		synonymous		-1	S11_MG1655_WT@Start_Second	11		SNP
V	616	V		GTA	616	3		GTC		9.60249901e-02	rsxC	1848	SoxR [2Fe-2S] reducing system protein RsxC	>		rsxC			b1629		b1629		snp_synonymous		40	1	A		1708766	1708766	1708766	312	1	C							NC_000913		synonymous		-1	S11_MG1655_WT@Start_Second	11		SNP
R	629	R		CGA	629	3		CGT		1.59093380e-01	rsxC	1887	SoxR [2Fe-2S] reducing system protein RsxC	>		rsxC			b1629		b1629		snp_synonymous		53	1	A		1708805	1708805	1708805	251	1	T							NC_000913		synonymous		-1	S11_MG1655_WT@Start_Second	11		SNP
A	632	A		GCT	632	3		GCA		7.72485733e-02	rsxC	1896	SoxR [2Fe-2S] reducing system protein RsxC	>		rsxC			b1629		b1629		snp_synonymous		34	1	T		1708814	1708814	1708814	274	1	A							NC_000913		synonymous		-1	S11_MG1655_WT@Start_Second	11		SNP
Q	671	P		CAG	671	2		CCG		6.32324219e-02	rsxC	2012	SoxR [2Fe-2S] reducing system protein RsxC	>		rsxC			b1629		b1629		snp_nonsynonymous		28	1	A		1708930	1708930	1708930	345	1	C							NC_000913		nonsynonymous		-1	S11_MG1655_WT@Start_Second	11		SNP
										5.05342484e-02	fadK/ppsA	intergenic (+38/+19)	short chain acyl-CoA synthetase/phosphoenolpyruvate synthetase	>/<			ppsA		b1701/b1702			b1702	snp_intergenic		19	1	C		1784715	1784715	1784715	304	1	A							NC_000913		intergenic		-1	S11_MG1655_WT@Start_Second			SNP
										1	gatD/gatB	intergenic (-490/+918)	galactitol-1-phosphate 5-dehydrogenase/galactitol-specific PTS enzyme IIB component	</<					b2091/b2093				small_indel		674	2			2173363	2173364	2173363	7	2	CC							NC_000913	2			-1	S11_MG1655_WT@Start_Second			DEL
										1.10710144e-01	gatY/fbaB	intergenic (-30/+278)	tagatose-1,6-bisphosphate aldolase 2/fructose-bisphosphate aldolase class I	</<			gatY		b2096/b2097			b2096	snp_intergenic		32	1	A		2177234	2177234	2177234	226	1	C							NC_000913		intergenic		-1	S11_MG1655_WT@Start_Second			SNP
										1.13185883e-01	gatY/fbaB	intergenic (-41/+267)	tagatose-1,6-bisphosphate aldolase 2/fructose-bisphosphate aldolase class I	</<			gatY		b2096/b2097			b2096	snp_intergenic		34	1	T		2177245	2177245	2177245	218	1	G							NC_000913		intergenic		-1	S11_MG1655_WT@Start_Second			SNP
										5.15356064e-02	gatY/fbaB	intergenic (-57/+251)	tagatose-1,6-bisphosphate aldolase 2/fructose-bisphosphate aldolase class I	</<			gatY		b2096/b2097			b2096	snp_intergenic		18	1	T		2177261	2177261	2177261	272	1	A							NC_000913		intergenic		-1	S11_MG1655_WT@Start_Second			SNP
										7.83991814e-02	rihB/yeiL	intergenic (-52/-117)	pyrimidine-specific ribonucleoside hydrolase RihB/DNA-binding transcriptional activator YeiL	</>			rihB		b2162/b2163			b2162	snp_intergenic		34	1	A		2255238	2255238	2255238	341	1	T							NC_000913		intergenic		-1	S11_MG1655_WT@Start_Second			SNP
										1.26452446e-01	eco/mqo	intergenic (+295/+420)	serine protease inhibitor ecotin/malate:quinone oxidoreductase	>/<			mqo		b2209/b2210			b2210	snp_intergenic		22	1	C		2304688	2304688	2304688	131	1	A							NC_000913		intergenic		-1	S11_MG1655_WT@Start_Second			SNP
										1.05631351e-01	eco/mqo	intergenic (+521/+194)	serine protease inhibitor ecotin/malate:quinone oxidoreductase	>/<			mqo		b2209/b2210			b2210	snp_intergenic		16	1	C		2304914	2304914	2304914	116	1	A							NC_000913		intergenic		-1	S11_MG1655_WT@Start_Second			SNP
C	75	F		TGT	75	2		TTT		5.85117340e-02	yfeZ	224	putative inner membrane protein	<		yfeZ			b2433		b2433		snp_nonsynonymous		17	1	C		2551503	2551503	2551503	228	1	A							NC_000913		nonsynonymous		-1	S11_MG1655_WT@Start_Second	11		SNP
N	7	K		AAC	7	3		AAA		5.89227676e-02	pbpC	21	peptidoglycan glycosyltransferase PbpC	<		pbpC			b2519		b2519		snp_nonsynonymous		22	1	G		2647305	2647305	2647305	295	1	T							NC_000913		nonsynonymous		-1	S11_MG1655_WT@Start_Second	11		SNP
L	209	*		TTA	209	2		TAA		5.94573021e-02	yfjJ	626	protein YfjJ	>		yfjJ			b2626		b2626		snp_nonsynonymous		26	1	T		2761172	2761172	2761172	342	1	A							NC_000913		nonsynonymous		-1	S11_MG1655_WT@Start_Second	11		SNP
										1	nanR/dcuD	intergenic (-236/-144)	NanR/putative transporter DcuD	</>					b3226/b3227				snp_intergenic		568	1	A		3374725	3374725	3374725	0	1	C							NC_000913		intergenic		-1	S11_MG1655_WT@Start_Second			SNP
										1	rtcR/glpG	intergenic (+589/+167)	DNA-binding transcriptional activator RtcR/rhomboid protease GlpG	>/<			glpG	1	b3422/b3424			b3424	small_indel		446	1	G		3560455	3560455	3560455	1	1	C							NC_000913				-1	S11_MG1655_WT@Start_Second			INS
V	38	F		GTT	38	1		TTT		5.97100258e-02	yibH	112	inner membrane protein YibH	<		yibH			b3597		b3597		snp_nonsynonymous		20	1	C		3771268	3771268	3771268	258	1	A							NC_000913		nonsynonymous		-1	S11_MG1655_WT@Start_Second	11		SNP
P	221	T		CCG	221	1		ACG		6.26544952e-02	yijO	661	putative DNA-binding transcriptional regulator YijO	<		yijO			b3954		b3954		snp_nonsynonymous		18	1	G		4147657	4147657	4147657	224	1	T							NC_000913		nonsynonymous		-1	S11_MG1655_WT@Start_Second	11		SNP
										2.70579338e-01	gltP/yjcO	intergenic (+266/+376)	glutamate/aspartate : H(+) symporter GltP/Sel1 repeat-containing protein YjcO	>/<			yjcO		b4077/b4078			b4078	snp_intergenic		203	1	T		4296060	4296060	4296060	549	1	C							NC_000913		intergenic		-1	S11_MG1655_WT@Start_Second			SNP
										1	gltP/yjcO	intergenic (+586/+56)	glutamate/aspartate : H(+) symporter GltP/Sel1 repeat-containing protein YjcO	>/<			yjcO	1	b4077/b4078			b4078	small_indel		627	2	CG		4296380	4296380	4296380	2	2	A							NC_000913				-1	S11_MG1655_WT@Start_Second			INS
R	316	R		CGG	316	3		CGT		7.62062073e-02	mutL	948	DNA mismatch repair protein MutL	>		mutL			b4170		b4170		snp_synonymous		20	1	G		4398359	4398359	4398359	213	1	T							NC_000913		synonymous		-1	S11_MG1655_WT@Start_Second	11		SNP
R	57	L		CGC	57	2		CTC		1.21066570e-01	paoD	170	molybdenum cofactor insertion chaperone PaoD	<		paoD			b0283		b0283		snp_nonsynonymous		28	1	C		298557	298557	298557	180	1	A							NC_000913		nonsynonymous		-1	S12_MG1655_WT@End_Second	11		SNP
										5.50849438e-01	cspE/crcB	intergenic (+40/+14)	transcription antiterminator and regulator of RNA stability CspE/F(-) channel protein	>/<			crcB		b0623/b0624			b0624	snp_intergenic		176	1	T		657541	657541	657541	146	1	G							NC_000913		intergenic		-1	S12_MG1655_WT@End_Second			SNP
P	121	T		CCC	121	1		ACC		5.92160225e-02	ybgS	361	PF13985 family protein YbgS	<		ybgS			b0753		b0753		snp_nonsynonymous		17	1	G		784957	784957	784957	226	1	T							NC_000913		nonsynonymous		-1	S12_MG1655_WT@End_Second	11		SNP
										2.26242065e-01	sulA/sxy	intergenic (-31/-188)	cell division inhibitor SulA/transcriptional coactivator for CRP	</>			sulA		b0958/b0959			b0958	snp_intergenic		73	1	T		1020950	1020950	1020950	248	1	G							NC_000913		intergenic		-1	S12_MG1655_WT@End_Second			SNP
										2.52914906e-01	bluF/ycgZ	intergenic (-252/-62)	blue light- and temperature-regulated antirepressor BluF/putative two-component system connector protein YcgZ	</>					b1163/b1164				snp_intergenic		124	1	T		1215727	1215727	1215727	366	1	C							NC_000913		intergenic		-1	S12_MG1655_WT@End_Second			SNP
									8	2.19373219e-01	hns/tdk	intergenic (-93/-505)	DNA-binding transcriptional dual regulator H-NS/thymidine/deoxyuridine kinase	</>			hns		b1237/b1238			b1237	mobile_element_insertion		154	2			1293015	1293022	1293015	548	2	CAAAATTG		IS1				768	NC_000913			1	-1	S12_MG1655_WT@End_Second			MOB
										1	ydcI/ydcJ	intergenic (-88/-129)	DNA-binding transcriptional dual regulator YdcI/DUF1338 domain-containing protein YdcJ	</>			ydcI		b1422/b1423			b1422	small_indel		320	1			1495159	1495159	1495159	3	1	A							NC_000913	1			-1	S12_MG1655_WT@End_Second			DEL
R	597	R		CGA	597	3		CGT		1.34665012e-01	rsxC	1791	SoxR [2Fe-2S] reducing system protein RsxC	>		rsxC			b1629		b1629		snp_synonymous		41	1	A		1708709	1708709	1708709	228	1	T							NC_000913		synonymous		-1	S12_MG1655_WT@End_Second	11		SNP
R	629	R		CGA	629	3		CGT		1.06868744e-01	rsxC	1887	SoxR [2Fe-2S] reducing system protein RsxC	>		rsxC			b1629		b1629		snp_synonymous		32	1	A		1708805	1708805	1708805	232	1	T							NC_000913		synonymous		-1	S12_MG1655_WT@End_Second	11		SNP
R	661	R		CGC	661	3		CGA		6.54263496e-02	rsxC	1983	SoxR [2Fe-2S] reducing system protein RsxC	>		rsxC			b1629		b1629		snp_synonymous		23	1	C		1708901	1708901	1708901	273	1	A							NC_000913		synonymous		-1	S12_MG1655_WT@End_Second	11		SNP
Q	671	P		CAG	671	2		CCG		5.10497093e-02	rsxC	2012	SoxR [2Fe-2S] reducing system protein RsxC	>		rsxC			b1629		b1629		snp_nonsynonymous		18	1	A		1708930	1708930	1708930	276	1	C							NC_000913		nonsynonymous		-1	S12_MG1655_WT@End_Second	11		SNP
										6.58922195e-02	fadK/ppsA	intergenic (+38/+19)	short chain acyl-CoA synthetase/phosphoenolpyruvate synthetase	>/<			ppsA		b1701/b1702			b1702	snp_intergenic		20	1	C		1784715	1784715	1784715	234	1	A							NC_000913		intergenic		-1	S12_MG1655_WT@End_Second			SNP
G	66	G		GGG	66	3		GGT		5.83353043e-02	ynjF	198	CDP-alcohol phosphatidyltransferase domain-containing protein YnjF	<		ynjF			b1758		b1758		snp_synonymous		14	1	C		1841206	1841206	1841206	188	1	A							NC_000913		synonymous		-1	S12_MG1655_WT@End_Second	11		SNP
										1	gatD/gatB	intergenic (-490/+918)	galactitol-1-phosphate 5-dehydrogenase/galactitol-specific PTS enzyme IIB component	</<					b2091/b2093				small_indel		372	2			2173363	2173364	2173363	2	2	CC							NC_000913	2			-1	S12_MG1655_WT@End_Second			DEL
										7.38387108e-02	rihB/yeiL	intergenic (-52/-117)	pyrimidine-specific ribonucleoside hydrolase RihB/DNA-binding transcriptional activator YeiL	</>			rihB		b2162/b2163			b2162	snp_intergenic		25	1	A		2255238	2255238	2255238	271	1	T							NC_000913		intergenic		-1	S12_MG1655_WT@End_Second			SNP
G	18	V		GGC	18	2		GTC		5.36117554e-02	rseC	53	protein RseC	<		rseC			b2570		b2570		snp_nonsynonymous		17	1	C		2707749	2707749	2707749	247	1	A							NC_000913		nonsynonymous		-1	S12_MG1655_WT@End_Second	11		SNP
R	400	S		CGC	400	1		AGC		5.34987450e-02	ypjA	1198	adhesin-like autotransporter YpjA	<		ypjA			b2647		b2647		snp_nonsynonymous		21	1	G		2781529	2781529	2781529	290	1	T							NC_000913		nonsynonymous		-1	S12_MG1655_WT@End_Second	11		SNP
V	232	L		GTG	232	1		TTG		5.21898270e-02	hycC	694	formate hydrogenlyase subunit HycC	<		hycC			b2723		b2723		snp_nonsynonymous		16	1	C		2848548	2848548	2848548	232	1	A							NC_000913		nonsynonymous		-1	S12_MG1655_WT@End_Second	11		SNP
T	93	N		ACC	93	2		AAC		5.79595566e-02	barA	278	sensor histidine kinase BarA	>		barA			b2786		b2786		snp_nonsynonymous		18	1	C		2915334	2915334	2915334	236	1	A							NC_000913		nonsynonymous		-1	S12_MG1655_WT@End_Second	11		SNP
L	54	H		CTT	54	2		CAT		7.07502365e-02	fucA	161	L-fuculose-phosphate aldolase	<		fucA			b2800		b2800		snp_nonsynonymous		27	1	A		2933528	2933528	2933528	299	1	T							NC_000913		nonsynonymous		-1	S12_MG1655_WT@End_Second	11		SNP
P	44	H		CCC	44	2		CAC		7.04560280e-02	metC	131	cystathionine beta-lyase/L-cysteine desulfhydrase/alanine racemase	>		metC			b3008		b3008		snp_nonsynonymous		23	1	C		3152366	3152366	3152366	261	1	A							NC_000913		nonsynonymous		-1	S12_MG1655_WT@End_Second	11		SNP
										1	nanR/dcuD	intergenic (-236/-144)	NanR/putative transporter DcuD	</>					b3226/b3227				snp_intergenic		367	1	A		3374725	3374725	3374725	0	1	C							NC_000913		intergenic		-1	S12_MG1655_WT@End_Second			SNP
										1	rtcR/glpG	intergenic (+589/+167)	DNA-binding transcriptional activator RtcR/rhomboid protease GlpG	>/<			glpG	1	b3422/b3424			b3424	small_indel		373	1	G		3560455	3560455	3560455	0	1	C							NC_000913				-1	S12_MG1655_WT@End_Second			INS
										5.40981293e-02	gntR/yhhW	intergenic (-163/+61)	DNA-binding transcriptional repressor GntR/quercetin 2,3-dioxygenase	</<					b3438/b3439				snp_intergenic		16	1	C		3578889	3578889	3578889	231	1	A							NC_000913		intergenic		-1	S12_MG1655_WT@End_Second			SNP
P	181	T		CCG	181	1		ACG		7.33270645e-02	mdtL	541	efflux pump MdtL	>		mdtL			b3710		b3710		snp_nonsynonymous		19	1	C		3892155	3892155	3892155	202	1	A							NC_000913		nonsynonymous		-1	S12_MG1655_WT@End_Second	11		SNP
G	471	V		GGG	471	2		GTG		7.19904900e-02	aceK	1412	isocitrate dehydrogenase kinase/phosphatase	>		aceK			b4016		b4016		snp_nonsynonymous		18	1	G		4220007	4220007	4220007	195	1	T							NC_000913		nonsynonymous		-1	S12_MG1655_WT@End_Second	11		SNP
										1.24070168e-01	yjcF/actP	intergenic (-153/+25)	pentapeptide repeat-containing protein YjcF/acetate/glycolate:cation symporter	</<					b4066/b4067				snp_intergenic		12	1	G		4283228	4283228	4283228	89	1	T							NC_000913		intergenic		-1	S12_MG1655_WT@End_Second			SNP
										2.35302448e-01	gltP/yjcO	intergenic (+266/+376)	glutamate/aspartate : H(+) symporter GltP/Sel1 repeat-containing protein YjcO	>/<			yjcO		b4077/b4078			b4078	snp_intergenic		126	1	T		4296060	4296060	4296060	410	1	C							NC_000913		intergenic		-1	S12_MG1655_WT@End_Second			SNP
										1	gltP/yjcO	intergenic (+586/+56)	glutamate/aspartate : H(+) symporter GltP/Sel1 repeat-containing protein YjcO	>/<			yjcO	1	b4077/b4078			b4078	small_indel		434	2	CG		4296380	4296380	4296380	8	2	A							NC_000913				-1	S12_MG1655_WT@End_Second			INS
									5	5.40760870e-01	fimE	coding (173-177/597 nt)	regulator for fimA	>	fimE				b4313	b4313			mobile_element_insertion		398	2			4542209	4542213	4542209	338	2	GTAGA		IS2				1331	NC_000913			1	-1	S12_MG1655_WT@End_Second			MOB
									8	2.35211268e-01	fimE	coding (521-528/597 nt)	regulator for fimA	>		fimE			b4313		b4313		mobile_element_insertion		167	2			4542557	4542564	4542557	543	2	GTAATGCT		IS1				768	NC_000913			1	-1	S12_MG1655_WT@End_Second			MOB
										2.08358230e-01	fimC/fimD	intergenic (+40/-17)	type 1 fimbriae periplasmic chaperone/type I fimbriae usher protein	>/>			fimD		b4316/b4317			b4317	small_indel		76	1			4545069	4545079	4545069	580	2	GCCGGGTGATT							NC_000913	11			-1	S12_MG1655_WT@End_Second			DEL
R	76	R		CGG	76	3		CGT		5.66334724e-02	radA	228	DNA recombination protein	>		radA			b4389		b4389		snp_synonymous		16	1	G		4626139	4626139	4626139	227	1	T							NC_000913		synonymous		-1	S12_MG1655_WT@End_Second	11		SNP
G	94	E		GGA	94	2		GAA		4.94226933e-01	arcA	281	DNA-binding transcriptional dual regulator ArcA	<		arcA			b4401		b4401		snp_nonsynonymous		170	1	C		4640026	4640026	4640026	174	1	T							NC_000913		nonsynonymous		-1	S12_MG1655_WT@End_Second	11		SNP
G	401	G		GGG	401	3		GGT		6.90255165e-02	efeB	1203	heme-containing peroxidase/deferrochelatase	>		efeB			b1019		b1019		snp_synonymous		16	1	G		1084578	1084578	1084578	187	1	T							NC_000913		synonymous		-1	S19_MG1655_WT@Start_Second	11		SNP
S	53	N		AGT	53	2		AAT		5.84073067e-02	ychS	158	putative uncharacterized protein YchS	>		ychS			b1228		b1228		snp_nonsynonymous		9	1	G		1286866	1286866	1286866	140	1	A							NC_000913		nonsynonymous		-1	S19_MG1655_WT@Start_Second	11		SNP
										1	ydcI/ydcJ	intergenic (-88/-129)	DNA-binding transcriptional dual regulator YdcI/DUF1338 domain-containing protein YdcJ	</>			ydcI		b1422/b1423			b1422	small_indel		209	1			1495159	1495159	1495159	2	1	A							NC_000913	1			-1	S19_MG1655_WT@Start_Second			DEL
R	597	R		CGA	597	3		CGT		1.16660118e-01	rsxC	1791	SoxR [2Fe-2S] reducing system protein RsxC	>		rsxC			b1629		b1629		snp_synonymous		24	1	A		1708709	1708709	1708709	159	1	T							NC_000913		synonymous		-1	S19_MG1655_WT@Start_Second	11		SNP
R	629	R		CGA	629	3		CGT		1.73232555e-01	rsxC	1887	SoxR [2Fe-2S] reducing system protein RsxC	>		rsxC			b1629		b1629		snp_synonymous		33	1	A		1708805	1708805	1708805	146	1	T							NC_000913		synonymous		-1	S19_MG1655_WT@Start_Second	11		SNP
										1	gatD/gatB	intergenic (-490/+918)	galactitol-1-phosphate 5-dehydrogenase/galactitol-specific PTS enzyme IIB component	</<					b2091/b2093				small_indel		296	2			2173363	2173364	2173363	4	2	CC							NC_000913	2			-1	S19_MG1655_WT@Start_Second			DEL
										1.06715202e-01	gatY/fbaB	intergenic (-30/+278)	tagatose-1,6-bisphosphate aldolase 2/fructose-bisphosphate aldolase class I	</<			gatY		b2096/b2097			b2096	snp_intergenic		15	1	A		2177234	2177234	2177234	108	1	C							NC_000913		intergenic		-1	S19_MG1655_WT@Start_Second			SNP
										1.65641308e-01	smrB/yfcO	intergenic (+52/+19)	putative endonuclease SmrB/DUF2544 domain-containing protein YfcO	>/<			yfcO		b2331/b2332			b2332	snp_intergenic		11	1	G		2449209	2449209	2449209	51	1	T							NC_000913		intergenic		-1	S19_MG1655_WT@Start_Second			SNP
G	138	V		GGT	138	2		GTT		5.43308258e-02	mutH	413	DNA mismatch repair protein MutH	>		mutH			b2831		b2831		snp_nonsynonymous		13	1	G		2970074	2970074	2970074	188	1	T							NC_000913		nonsynonymous		-1	S19_MG1655_WT@Start_Second	11		SNP
T	253	N		ACC	253	2		AAC		5.14850616e-02	yqeB	758	XdhC-CoxI family protein YqeB	<		yqeB			b2875		b2875		snp_nonsynonymous		8	1	G		3013482	3013482	3013482	126	1	T							NC_000913		nonsynonymous		-1	S19_MG1655_WT@Start_Second	11		SNP
										9.23233032e-02	rnpB	noncoding (114/377 nt)	RNase P catalytic RNA component	<		rnpB			b3123		b3123		snp_noncoding		15	1	G		3270479	3270479	3270479	134	1	T							NC_000913		noncoding		-1	S19_MG1655_WT@Start_Second			SNP
										1	nanR/dcuD	intergenic (-236/-144)	NanR/putative transporter DcuD	</>					b3226/b3227				snp_intergenic		269	1	A		3374725	3374725	3374725	0	1	C							NC_000913		intergenic		-1	S19_MG1655_WT@Start_Second			SNP
										1	rtcR/glpG	intergenic (+589/+167)	DNA-binding transcriptional activator RtcR/rhomboid protease GlpG	>/<			glpG	1	b3422/b3424			b3424	small_indel		219	1	G		3560455	3560455	3560455	0	1	C							NC_000913				-1	S19_MG1655_WT@Start_Second			INS
V	38	F		GTT	38	1		TTT		5.62224388e-02	yibH	112	inner membrane protein YibH	<		yibH			b3597		b3597		snp_nonsynonymous		9	1	C		3771268	3771268	3771268	134	1	A							NC_000913		nonsynonymous		-1	S19_MG1655_WT@Start_Second	11		SNP
										2.05462933e-01	gltP/yjcO	intergenic (+266/+376)	glutamate/aspartate : H(+) symporter GltP/Sel1 repeat-containing protein YjcO	>/<			yjcO		b4077/b4078			b4078	snp_intergenic		84	1	T		4296060	4296060	4296060	326	1	C							NC_000913		intergenic		-1	S19_MG1655_WT@Start_Second			SNP
										1	gltP/yjcO	intergenic (+586/+56)	glutamate/aspartate : H(+) symporter GltP/Sel1 repeat-containing protein YjcO	>/<			yjcO	1	b4077/b4078			b4078	small_indel		332	2	CG		4296380	4296380	4296380	2	2	A							NC_000913				-1	S19_MG1655_WT@Start_Second			INS
										8.82253647e-02	bolA/tig	intergenic (+84/-260)	DNA-binding transcriptional dual regulator BolA/trigger factor	>/>			tig		b0435/b0436			b0436	snp_intergenic		18	1	G		454873	454873	454873	180	1	C							NC_000913		intergenic		-1	S1_MG1655_WT@Start_First			SNP
										5.30319214e-02	ydbA	pseudogene (747/2518 nt)	putative outer membrane protein, N-terminal fragment	>		ydbA			b4492		b4492		snp_pseudogene		16	1	A		1466138	1466138	1466138	281	1	G							NC_000913		pseudogene		-1	S1_MG1655_WT@Start_First			SNP
										5.23200035e-02	ydbA	pseudogene (753/2518 nt)	putative outer membrane protein, N-terminal fragment	>		ydbA			b4492		b4492		snp_pseudogene		17	1	T		1466144	1466144	1466144	280	1	G							NC_000913		pseudogene		-1	S1_MG1655_WT@Start_First			SNP
										6.72492981e-02	ydbA	pseudogene (945/2518 nt)	putative outer membrane protein, N-terminal fragment	>		ydbA			b4492		b4492		snp_pseudogene		12	1	G		1466336	1466336	1466336	152	1	C							NC_000913		pseudogene		-1	S1_MG1655_WT@Start_First			SNP
										7.86900520e-02	ydbA	pseudogene (1194/2518 nt)	putative outer membrane protein, N-terminal fragment	>		ydbA			b4492		b4492		snp_pseudogene		14	1	A		1466585	1466585	1466585	174	1	T							NC_000913		pseudogene		-1	S1_MG1655_WT@Start_First			SNP
										1	ydcI/ydcJ	intergenic (-88/-129)	DNA-binding transcriptional dual regulator YdcI/DUF1338 domain-containing protein YdcJ	</>			ydcI		b1422/b1423			b1422	small_indel		263	1			1495159	1495159	1495159	0	1	A							NC_000913	1			-1	S1_MG1655_WT@Start_First			DEL
R	42	R		CGG	42	3		CGT		8.54592323e-02	rsxC	126	SoxR [2Fe-2S] reducing system protein RsxC	>		rsxC			b1629		b1629		snp_synonymous		19	1	G		1707044	1707044	1707044	189	1	T							NC_000913		synonymous		-1	S1_MG1655_WT@Start_First	11		SNP
R	629	R		CGA	629	3		CGT		1.34549618e-01	rsxC	1887	SoxR [2Fe-2S] reducing system protein RsxC	>		rsxC			b1629		b1629		snp_synonymous		30	1	A		1708805	1708805	1708805	176	1	T							NC_000913		synonymous		-1	S1_MG1655_WT@Start_First	11		SNP
R	661	R		CGC	661	3		CGA		6.62250519e-02	rsxC	1983	SoxR [2Fe-2S] reducing system protein RsxC	>		rsxC			b1629		b1629		snp_synonymous		16	1	C		1708901	1708901	1708901	203	1	A							NC_000913		synonymous		-1	S1_MG1655_WT@Start_First	11		SNP
Q	671	P		CAG	671	2		CCG		7.25531578e-02	rsxC	2012	SoxR [2Fe-2S] reducing system protein RsxC	>		rsxC			b1629		b1629		snp_nonsynonymous		18	1	A		1708930	1708930	1708930	193	1	C							NC_000913		nonsynonymous		-1	S1_MG1655_WT@Start_First	11		SNP
										1	gatD/gatB	intergenic (-490/+918)	galactitol-1-phosphate 5-dehydrogenase/galactitol-specific PTS enzyme IIB component	</<					b2091/b2093				small_indel		394	2			2173363	2173364	2173363	0	2	CC							NC_000913	2			-1	S1_MG1655_WT@Start_First			DEL
										9.67559814e-02	gatY/fbaB	intergenic (-41/+267)	tagatose-1,6-bisphosphate aldolase 2/fructose-bisphosphate aldolase class I	</<			gatY		b2096/b2097			b2096	snp_intergenic		18	1	T		2177245	2177245	2177245	150	1	G							NC_000913		intergenic		-1	S1_MG1655_WT@Start_First			SNP
										1	rtcR/glpG	intergenic (+589/+167)	DNA-binding transcriptional activator RtcR/rhomboid protease GlpG	>/<			glpG	1	b3422/b3424			b3424	small_indel		270	1	G		3560455	3560455	3560455	1	1	C							NC_000913				-1	S1_MG1655_WT@Start_First			INS
V	128	F		GTT	128	1		TTT		5.32584190e-02	yicG	382	PF03458 family inner membrane protein YicG	>		yicG			b3646		b3646		snp_nonsynonymous		14	1	G		3819255	3819255	3819255	222	1	T							NC_000913		nonsynonymous		-1	S1_MG1655_WT@Start_First	11		SNP
										8.79640579e-02	yjcF/actP	intergenic (-153/+25)	pentapeptide repeat-containing protein YjcF/acetate/glycolate:cation symporter	</<					b4066/b4067				snp_intergenic		13	1	G		4283228	4283228	4283228	132	1	T							NC_000913		intergenic		-1	S1_MG1655_WT@Start_First			SNP
										2.15503216e-01	gltP/yjcO	intergenic (+266/+376)	glutamate/aspartate : H(+) symporter GltP/Sel1 repeat-containing protein YjcO	>/<			yjcO		b4077/b4078			b4078	snp_intergenic		93	1	T		4296060	4296060	4296060	339	1	C							NC_000913		intergenic		-1	S1_MG1655_WT@Start_First			SNP
										1	gltP/yjcO	intergenic (+586/+56)	glutamate/aspartate : H(+) symporter GltP/Sel1 repeat-containing protein YjcO	>/<			yjcO	1	b4077/b4078			b4078	small_indel		367	2	CG		4296380	4296380	4296380	0	2	A							NC_000913				-1	S1_MG1655_WT@Start_First			INS
E	129	D		GAG	129	3		GAT		5.38730621e-02	aceF	387	pyruvate dehydrogenase, E2 subunit	>		aceF			b0115		b0115		snp_nonsynonymous		22	1	G		126081	126081	126081	302	1	T							NC_000913		nonsynonymous		-1	S20_MG1655_WT@End_Second	11		SNP
V	206	F		GTT	206	1		TTT		5.65309525e-02	yaeF	616	peptidase C92 family protein YaeF	<		yaeF			b0193		b0193		snp_nonsynonymous		21	1	C		216388	216388	216388	275	1	A							NC_000913		nonsynonymous		-1	S20_MG1655_WT@End_Second	11		SNP
R	57	L		CGC	57	2		CTC		1.34352207e-01	paoD	170	molybdenum cofactor insertion chaperone PaoD	<		paoD			b0283		b0283		snp_nonsynonymous		28	1	C		298557	298557	298557	164	1	A							NC_000913		nonsynonymous		-1	S20_MG1655_WT@End_Second	11		SNP
Y	110	S		TAC	110	2		TCC		8.96575928e-01	lrp	329	DNA-binding transcriptional dual regulator Lrp	>		lrp			b0889		b0889		snp_nonsynonymous		286	1	A		932923	932923	932923	33	1	C							NC_000913		nonsynonymous		-1	S20_MG1655_WT@End_Second	11		SNP
I	53	N		ATT	53	2		AAT		8.64620209e-02	ychS	158	putative uncharacterized protein YchS	>		ychS			b1228		b1228		snp_nonsynonymous		17	1	T		1286866	1286866	1286866	180	1	A							NC_000913		nonsynonymous		-1	S20_MG1655_WT@End_Second	11		SNP
										5.29651642e-02	ydbA	pseudogene (945/2518 nt)	putative outer membrane protein, N-terminal fragment	>		ydbA			b4492		b4492		snp_pseudogene		15	1	G		1466336	1466336	1466336	220	1	C							NC_000913		pseudogene		-1	S20_MG1655_WT@End_Second			SNP
										6.70332909e-02	ydbA	pseudogene (1005/2518 nt)	putative outer membrane protein, N-terminal fragment	>		ydbA			b4492		b4492		snp_pseudogene		21	1	C		1466396	1466396	1466396	280	1	G							NC_000913		pseudogene		-1	S20_MG1655_WT@End_Second			SNP
										1	ydcI/ydcJ	intergenic (-88/-129)	DNA-binding transcriptional dual regulator YdcI/DUF1338 domain-containing protein YdcJ	</>			ydcI		b1422/b1423			b1422	small_indel		289	1			1495159	1495159	1495159	1	1	A							NC_000913	1			-1	S20_MG1655_WT@End_Second			DEL
G	290	G		GGG	290	3		GGT		7.07545280e-02	ydeE	870	dipeptide exporter	>		ydeE			b1534		b1534		snp_synonymous		18	1	G		1622201	1622201	1622201	199	1	T							NC_000913		synonymous		-1	S20_MG1655_WT@End_Second	11		SNP
R	42	R		CGG	42	3		CGT		6.45952225e-02	rsxC	126	SoxR [2Fe-2S] reducing system protein RsxC	>		rsxC			b1629		b1629		snp_synonymous		16	1	G		1707044	1707044	1707044	192	1	T							NC_000913		synonymous		-1	S20_MG1655_WT@End_Second	11		SNP
R	597	R		CGA	597	3		CGT		1.43001080e-01	rsxC	1791	SoxR [2Fe-2S] reducing system protein RsxC	>		rsxC			b1629		b1629		snp_synonymous		43	1	A		1708709	1708709	1708709	224	1	T							NC_000913		synonymous		-1	S20_MG1655_WT@End_Second	11		SNP
V	616	V		GTA	616	3		GTC		8.95733833e-02	rsxC	1848	SoxR [2Fe-2S] reducing system protein RsxC	>		rsxC			b1629		b1629		snp_synonymous		27	1	A		1708766	1708766	1708766	216	1	C							NC_000913		synonymous		-1	S20_MG1655_WT@End_Second	11		SNP
R	629	R		CGA	629	3		CGT		1.23430252e-01	rsxC	1887	SoxR [2Fe-2S] reducing system protein RsxC	>		rsxC			b1629		b1629		snp_synonymous		26	1	A		1708805	1708805	1708805	181	1	T							NC_000913		synonymous		-1	S20_MG1655_WT@End_Second	11		SNP
										5.40103912e-02	fadK/ppsA	intergenic (+38/+19)	short chain acyl-CoA synthetase/phosphoenolpyruvate synthetase	>/<			ppsA		b1701/b1702			b1702	snp_intergenic		16	1	C		1784715	1784715	1784715	247	1	A							NC_000913		intergenic		-1	S20_MG1655_WT@End_Second			SNP
										1	gatD/gatB	intergenic (-490/+918)	galactitol-1-phosphate 5-dehydrogenase/galactitol-specific PTS enzyme IIB component	</<					b2091/b2093				small_indel		464	2			2173363	2173364	2173363	4	2	CC							NC_000913	2			-1	S20_MG1655_WT@End_Second			DEL
										9.37576294e-02	gatY/fbaB	intergenic (-17/+291)	tagatose-1,6-bisphosphate aldolase 2/fructose-bisphosphate aldolase class I	</<			gatY		b2096/b2097			b2096	snp_intergenic		15	1	G		2177221	2177221	2177221	128	1	T							NC_000913		intergenic		-1	S20_MG1655_WT@End_Second			SNP
										8.94665718e-02	gatY/fbaB	intergenic (-30/+278)	tagatose-1,6-bisphosphate aldolase 2/fructose-bisphosphate aldolase class I	</<			gatY		b2096/b2097			b2096	snp_intergenic		17	1	A		2177234	2177234	2177234	142	1	C							NC_000913		intergenic		-1	S20_MG1655_WT@End_Second			SNP
										9.92422104e-02	gatY/fbaB	intergenic (-41/+267)	tagatose-1,6-bisphosphate aldolase 2/fructose-bisphosphate aldolase class I	</<			gatY		b2096/b2097			b2096	snp_intergenic		20	1	T		2177245	2177245	2177245	148	1	G							NC_000913		intergenic		-1	S20_MG1655_WT@End_Second			SNP
G	78	G		GGG	78	3		GGT		1.15348339e-01	yehL	234	putative AAA(+) MoxR family ATPase YehL	>		yehL			b2119		b2119		snp_synonymous		29	1	G		2204829	2204829	2204829	200	1	T							NC_000913		synonymous		-1	S20_MG1655_WT@End_Second	11		SNP
L	209	*		TTA	209	2		TAA		9.70201492e-02	yfjJ	626	protein YfjJ	>		yfjJ			b2626		b2626		snp_nonsynonymous		33	1	T		2761172	2761172	2761172	269	1	A							NC_000913		nonsynonymous		-1	S20_MG1655_WT@End_Second	11		SNP
P	44	H		CCC	44	2		CAC		6.43591881e-02	metC	131	cystathionine beta-lyase/L-cysteine desulfhydrase/alanine racemase	>		metC			b3008		b3008		snp_nonsynonymous		20	1	C		3152366	3152366	3152366	239	1	A							NC_000913		nonsynonymous		-1	S20_MG1655_WT@End_Second	11		SNP
V	211	L		GTA	211	1		TTA		6.18834496e-02	yqjA	631	DedA family protein YqjA	>		yqjA			b3095		b3095		snp_nonsynonymous		16	1	G		3248403	3248403	3248403	199	1	T							NC_000913		nonsynonymous		-1	S20_MG1655_WT@End_Second	11		SNP
G	131	G		GGG	131	3		GGT		5.53231239e-02	mtr	393	tryptophan:H(+) symporter Mtr	<		mtr			b3161		b3161		snp_synonymous		17	1	C		3305425	3305425	3305425	236	1	A							NC_000913		synonymous		-1	S20_MG1655_WT@End_Second	11		SNP
										1	nanR/dcuD	intergenic (-236/-144)	NanR/putative transporter DcuD	</>					b3226/b3227				snp_intergenic		342	1	A		3374725	3374725	3374725	0	1	C							NC_000913		intergenic		-1	S20_MG1655_WT@End_Second			SNP
Y	131	N		TAC	131	1		AAC		8.38356018e-02	rpsD	391	30S ribosomal subunit protein S4	<		rpsD			b3296		b3296		snp_nonsynonymous		24	1	A		3441285	3441285	3441285	221	1	T							NC_000913		nonsynonymous		-1	S20_MG1655_WT@End_Second	11		SNP
R	69	R		CGG	69	3		CGT		6.95500374e-02	rplD	207	50S ribosomal subunit protein L4	<		rplD			b3319		b3319		snp_synonymous		19	1	C		3452080	3452080	3452080	212	1	A							NC_000913		synonymous		-1	S20_MG1655_WT@End_Second	11		SNP
V	242	F		GTT	242	1		TTT		5.61084747e-02	rtcR	724	DNA-binding transcriptional activator RtcR	>		rtcR			b3422		b3422		snp_nonsynonymous		18	1	G		3558991	3558991	3558991	244	1	T							NC_000913		nonsynonymous		-1	S20_MG1655_WT@End_Second	11		SNP
										1	rtcR/glpG	intergenic (+589/+167)	DNA-binding transcriptional activator RtcR/rhomboid protease GlpG	>/<			glpG	1	b3422/b3424			b3424	small_indel		313	1	G		3560455	3560455	3560455	1	1	C							NC_000913				-1	S20_MG1655_WT@End_Second			INS
V	173	F		GTT	173	1		TTT		5.18188477e-02	yhhS	517	putative transporter YhhS	<		yhhS			b3473		b3473		snp_nonsynonymous		10	1	C		3611217	3611217	3611217	161	1	A							NC_000913		nonsynonymous		-1	S20_MG1655_WT@End_Second	11		SNP
G	125	V		GGT	125	2		GTT		8.76717567e-02	yidP	374	putative DNA-binding transcriptional regulator YidP	>		yidP			b3684		b3684		snp_nonsynonymous		17	1	G		3864272	3864272	3864272	153	1	T							NC_000913		nonsynonymous		-1	S20_MG1655_WT@End_Second	11		SNP
										2.35386848e-01	gltP/yjcO	intergenic (+266/+376)	glutamate/aspartate : H(+) symporter GltP/Sel1 repeat-containing protein YjcO	>/<			yjcO		b4077/b4078			b4078	snp_intergenic		134	1	T		4296060	4296060	4296060	437	1	C							NC_000913		intergenic		-1	S20_MG1655_WT@End_Second			SNP
										1	gltP/yjcO	intergenic (+586/+56)	glutamate/aspartate : H(+) symporter GltP/Sel1 repeat-containing protein YjcO	>/<			yjcO	1	b4077/b4078			b4078	small_indel		420	2	CG		4296380	4296380	4296380	0	2	A							NC_000913				-1	S20_MG1655_WT@End_Second			INS
										8.55313778e-01	fimC/fimD	intergenic (+42/-25)	type 1 fimbriae periplasmic chaperone/type I fimbriae usher protein	>/>			fimD		b4316/b4317			b4317	snp_intergenic		272	1	T		4545071	4545071	4545071	46	1	C							NC_000913		intergenic		-1	S20_MG1655_WT@End_Second			SNP
G	45	V		GGT	45	2		GTT		5.74321747e-02	yjiH	134	uncharacterized protein YjiH	<		yjiH			b4330		b4330		snp_nonsynonymous		17	1	C		4560547	4560547	4560547	222	1	A							NC_000913		nonsynonymous		-1	S20_MG1655_WT@End_Second	11		SNP
G	58	D		GGC	58	2		GAC		1.54430866e-01	ftsI	173	peptidoglycan DD-transpeptidase FtsI	>		ftsI			b0084		b0084		snp_nonsynonymous		51	1	G		91585	91585	91585	279	1	A							NC_000913		nonsynonymous		-1	S21_MG1655_WT@End_Second	11		SNP
N	267	K		AAC	267	3		AAA		6.93912506e-02	acnB	801	AcnB	>		acnB			b0118		b0118		snp_nonsynonymous		14	1	C		132415	132415	132415	162	1	A							NC_000913		nonsynonymous		-1	S21_MG1655_WT@End_Second	11		SNP
N	68	H		AAT	68	1		CAT		7.40962029e-02	ykfM	202	uncharacterized protein YkfM	<		ykfM			b4586		b4586		snp_nonsynonymous		30	1	T		238535	238535	238535	284	1	G							NC_000913		nonsynonymous		-1	S21_MG1655_WT@End_Second	11		SNP
R	57	L		CGC	57	2		CTC		9.30395126e-02	paoD	170	molybdenum cofactor insertion chaperone PaoD	<		paoD			b0283		b0283		snp_nonsynonymous		20	1	C		298557	298557	298557	173	1	A							NC_000913		nonsynonymous		-1	S21_MG1655_WT@End_Second	11		SNP
V	25	F		GTT	25	1		TTT		8.07399750e-02	mrdA	73	peptidoglycan DD-transpeptidase MrdA	<		mrdA			b0635		b0635		snp_nonsynonymous		23	1	C		668145	668145	668145	227	1	A							NC_000913		nonsynonymous		-1	S21_MG1655_WT@End_Second	11		SNP
N	121	K		AAC	121	3		AAA		6.40201569e-02	ltaE	363	low-specificity L-threonine aldolase	<		ltaE			b0870		b0870		snp_nonsynonymous		20	1	G		908932	908932	908932	250	1	T							NC_000913		nonsynonymous		-1	S21_MG1655_WT@End_Second	11		SNP
										5.64861298e-02	ydbA	pseudogene (945/2518 nt)	putative outer membrane protein, N-terminal fragment	>		ydbA			b4492		b4492		snp_pseudogene		15	1	G		1466336	1466336	1466336	217	1	C							NC_000913		pseudogene		-1	S21_MG1655_WT@End_Second			SNP
										1	ydcI/ydcJ	intergenic (-88/-129)	DNA-binding transcriptional dual regulator YdcI/DUF1338 domain-containing protein YdcJ	</>			ydcI		b1422/b1423			b1422	small_indel		336	1			1495159	1495159	1495159	4	1	A							NC_000913	1			-1	S21_MG1655_WT@End_Second			DEL
R	597	R		CGA	597	3		CGT		1.20644569e-01	rsxC	1791	SoxR [2Fe-2S] reducing system protein RsxC	>		rsxC			b1629		b1629		snp_synonymous		36	1	A		1708709	1708709	1708709	227	1	T							NC_000913		synonymous		-1	S21_MG1655_WT@End_Second	11		SNP
R	629	R		CGA	629	3		CGT		1.15833282e-01	rsxC	1887	SoxR [2Fe-2S] reducing system protein RsxC	>		rsxC			b1629		b1629		snp_synonymous		32	1	A		1708805	1708805	1708805	201	1	T							NC_000913		synonymous		-1	S21_MG1655_WT@End_Second	11		SNP
N	666	K		AAT	666	3		AAA		1.09354973e-01	rsxC	1998	SoxR [2Fe-2S] reducing system protein RsxC	>		rsxC			b1629		b1629		snp_nonsynonymous		32	1	T		1708916	1708916	1708916	226	1	A							NC_000913		nonsynonymous		-1	S21_MG1655_WT@End_Second	11		SNP
L	667	R		CTG	667	2		CGG		6.92148209e-02	rsxC	2000	SoxR [2Fe-2S] reducing system protein RsxC	>		rsxC			b1629		b1629		snp_nonsynonymous		23	1	T		1708918	1708918	1708918	238	1	G							NC_000913		nonsynonymous		-1	S21_MG1655_WT@End_Second	11		SNP
Q	671	P		CAG	671	2		CCG		8.99353027e-02	rsxC	2012	SoxR [2Fe-2S] reducing system protein RsxC	>		rsxC			b1629		b1629		snp_nonsynonymous		26	1	A		1708930	1708930	1708930	239	1	C							NC_000913		nonsynonymous		-1	S21_MG1655_WT@End_Second	11		SNP
T	287	N		ACC	287	2		AAC		6.42776489e-02	pykF	860	pyruvate kinase 1	>		pykF			b1676		b1676		snp_nonsynonymous		16	1	C		1756557	1756557	1756557	203	1	A							NC_000913		nonsynonymous		-1	S21_MG1655_WT@End_Second	11		SNP
P	175	T		CCC	175	1		ACC		7.10353851e-02	yeaX	523	carnitine monooxygenase subunit YeaX	>		yeaX			b1803		b1803		snp_nonsynonymous		19	1	C		1886367	1886367	1886367	205	1	A							NC_000913		nonsynonymous		-1	S21_MG1655_WT@End_Second	11		SNP
A	176	G		GCA	176	2		GGA		9.68527794e-02	yeaX	527	carnitine monooxygenase subunit YeaX	>		yeaX			b1803		b1803		snp_nonsynonymous		24	1	C		1886371	1886371	1886371	191	1	G							NC_000913		nonsynonymous		-1	S21_MG1655_WT@End_Second	11		SNP
										1	gatD/gatB	intergenic (-490/+918)	galactitol-1-phosphate 5-dehydrogenase/galactitol-specific PTS enzyme IIB component	</<					b2091/b2093				small_indel		506	2			2173363	2173364	2173363	0	2	CC							NC_000913	2			-1	S21_MG1655_WT@End_Second			DEL
										1.11892700e-01	gatY/fbaB	intergenic (-30/+278)	tagatose-1,6-bisphosphate aldolase 2/fructose-bisphosphate aldolase class I	</<			gatY		b2096/b2097			b2096	snp_intergenic		20	1	A		2177234	2177234	2177234	147	1	C							NC_000913		intergenic		-1	S21_MG1655_WT@End_Second			SNP
										1.74253941e-01	gatY/fbaB	intergenic (-41/+267)	tagatose-1,6-bisphosphate aldolase 2/fructose-bisphosphate aldolase class I	</<			gatY		b2096/b2097			b2096	snp_intergenic		31	1	T		2177245	2177245	2177245	130	1	G							NC_000913		intergenic		-1	S21_MG1655_WT@End_Second			SNP
D	7	E		GAC	7	3		GAA		6.63318634e-02	folE	21	GTP cyclohydrolase 1	<		folE			b2153		b2153		snp_nonsynonymous		14	1	G		2243632	2243632	2243632	174	1	T							NC_000913		nonsynonymous		-1	S21_MG1655_WT@End_Second	11		SNP
										6.68811798e-02	rihB/yeiL	intergenic (-52/-117)	pyrimidine-specific ribonucleoside hydrolase RihB/DNA-binding transcriptional activator YeiL	</>			rihB		b2162/b2163			b2162	snp_intergenic		24	1	A		2255238	2255238	2255238	278	1	T							NC_000913		intergenic		-1	S21_MG1655_WT@End_Second			SNP
N	7	K		AAC	7	3		AAA		7.15355873e-02	pbpC	21	peptidoglycan glycosyltransferase PbpC	<		pbpC			b2519		b2519		snp_nonsynonymous		20	1	G		2647305	2647305	2647305	222	1	T							NC_000913		nonsynonymous		-1	S21_MG1655_WT@End_Second	11		SNP
									4	1.24378109e-01	nlpD	coding (653-656/1140 nt)	murein hydrolase activator NlpD	<	nlpD				b2742	b2742			mobile_element_insertion		75	2			2868098	2868101	2868098	528	2	TTAG		IS5				1195	NC_000913			1	-1	S21_MG1655_WT@End_Second			MOB
										5.87019920e-02	csrB/syd	intergenic (-21/+190)	small regulatory RNA CsrB/SecY-interacting protein	</<			csrB		b4408/b2793			b4408	snp_intergenic		22	1	A		2924545	2924545	2924545	256	1	C							NC_000913		intergenic		-1	S21_MG1655_WT@End_Second			SNP
										5.31721115e-02	yqeK/ygeG	intergenic (-594/-314)	protein YqeK/TPR repeat-containing putative chaperone YgeG	</>					b2849/b2851				snp_intergenic		22	1	C		2990954	2990954	2990954	311	1	A							NC_000913		intergenic		-1	S21_MG1655_WT@End_Second			SNP
R	69	L		CGT	69	2		CTT		6.48083687e-02	yqgC	206	protein YqgC	>		yqgC			b2940		b2940		snp_nonsynonymous		19	1	G		3086392	3086392	3086392	224	1	T							NC_000913		nonsynonymous		-1	S21_MG1655_WT@End_Second	11		SNP
										1	nanR/dcuD	intergenic (-236/-144)	NanR/putative transporter DcuD	</>					b3226/b3227				snp_intergenic		440	1	A		3374725	3374725	3374725	0	1	C							NC_000913		intergenic		-1	S21_MG1655_WT@End_Second			SNP
V	242	F		GTT	242	1		TTT		6.44311905e-02	rtcR	724	DNA-binding transcriptional activator RtcR	>		rtcR			b3422		b3422		snp_nonsynonymous		21	1	G		3558991	3558991	3558991	256	1	T							NC_000913		nonsynonymous		-1	S21_MG1655_WT@End_Second	11		SNP
										1	rtcR/glpG	intergenic (+589/+167)	DNA-binding transcriptional activator RtcR/rhomboid protease GlpG	>/<			glpG	1	b3422/b3424			b3424	small_indel		346	1	G		3560455	3560455	3560455	1	1	C							NC_000913				-1	S21_MG1655_WT@End_Second			INS
L	223	I		CTC	223	1		ATC		5.42378426e-02	ftsY	667	signal recognition particle receptor	<		ftsY			b3464		b3464		snp_nonsynonymous		16	1	G		3603577	3603577	3603577	233	1	T							NC_000913		nonsynonymous		-1	S21_MG1655_WT@End_Second	11		SNP
C	61	F		TGT	61	2		TTT		5.15642166e-02	yiaW	182	DUF3302 domain-containing protein YiaW	<		yiaW			b3587		b3587		snp_nonsynonymous		23	1	C		3754247	3754247	3754247	344	1	A							NC_000913		nonsynonymous		-1	S21_MG1655_WT@End_Second	11		SNP
V	272	G		GTC	272	2		GGC		3.01592350e-01	rbsR	815	DNA-binding transcriptional dual regulator RbsR	>		rbsR			b3753		b3753		snp_nonsynonymous		82	1	T		3939041	3939041	3939041	189	1	G							NC_000913		nonsynonymous		-1	S21_MG1655_WT@End_Second	11		SNP
G	57	V		GGC	57	2		GTC		7.08198547e-02	yigZ	170	IMPACT family member YigZ	>		yigZ			b3848		b3848		snp_nonsynonymous		26	1	G		4032661	4032661	4032661	297	1	T							NC_000913		nonsynonymous		-1	S21_MG1655_WT@End_Second	11		SNP
										7.18058480e-02	cytR	coding (626-633/1026 nt)	DNA-binding transcriptional repressor CytR	<	cytR				b3934	b3934			small_indel		26	1			4123824	4123831	4123824	693	2	ACGCAGCG							NC_000913	8			-1	S21_MG1655_WT@End_Second			DEL
										2.44077206e-01	gltP/yjcO	intergenic (+266/+376)	glutamate/aspartate : H(+) symporter GltP/Sel1 repeat-containing protein YjcO	>/<			yjcO		b4077/b4078			b4078	snp_intergenic		122	1	T		4296060	4296060	4296060	378	1	C							NC_000913		intergenic		-1	S21_MG1655_WT@End_Second			SNP
										1	gltP/yjcO	intergenic (+586/+56)	glutamate/aspartate : H(+) symporter GltP/Sel1 repeat-containing protein YjcO	>/<			yjcO	1	b4077/b4078			b4078	small_indel		400	2	CG		4296380	4296380	4296380	2	2	A							NC_000913				-1	S21_MG1655_WT@End_Second			INS
A	202	P		GCT	202	1		CCT		6.52503967e-02	rdcA	604	regulator of diguanylate cyclase RdcA	>		rdcA			b4109		b4109		snp_nonsynonymous		22	1	G		4327738	4327738	4327738	265	1	C							NC_000913		nonsynonymous		-1	S21_MG1655_WT@End_Second	11		SNP
										3.11810017e-01	fimE/fimA	intergenic (+354/-128)	regulator for fimA/type 1 fimbriae major subunit	>/>			fimA		b4313/b4314			b4314	small_indel		29	1			4542987	4542987	4542987	64	1	T							NC_000913	1			-1	S21_MG1655_WT@End_Second			DEL
										1	fimC/fimD	intergenic (+41/-26)	type 1 fimbriae periplasmic chaperone/type I fimbriae usher protein	>/>			fimD		b4316/b4317			b4317	snp_intergenic		374	1	T		4545070	4545070	4545070	6	1	C							NC_000913		intergenic		-1	S21_MG1655_WT@End_Second			SNP
M	90	I		ATG	90	3		ATT		3.24844837e-01	arcA	270	DNA-binding transcriptional dual regulator ArcA	<		arcA			b4401		b4401		snp_nonsynonymous		116	1	C		4640037	4640037	4640037	239	1	A							NC_000913		nonsynonymous		-1	S21_MG1655_WT@End_Second	11		SNP
										1	yafT/ykfM	intergenic (+135/+2)	lipoprotein YafT/uncharacterized protein YkfM	>/<			ykfM		b0217/b4586			b4586	snp_intergenic		506	1	G		238255	238255	238255	3	1	A							NC_000913		intergenic		-1	S26_MG1655_AMO_Second			SNP
N	68	H		AAT	68	1		CAT		7.34057426e-02	ykfM	202	uncharacterized protein YkfM	<		ykfM			b4586		b4586		snp_nonsynonymous		30	1	T		238535	238535	238535	280	1	G							NC_000913		nonsynonymous		-1	S26_MG1655_AMO_Second	11		SNP
P	530	A		CCG	530	1		GCG		1	mrdA	1588	peptidoglycan DD-transpeptidase MrdA	<		mrdA			b0635		b0635		snp_nonsynonymous		228	1	G		666630	666630	666630	2	1	C							NC_000913		nonsynonymous		-1	S26_MG1655_AMO_Second	11		SNP
										1	[rssB]–[galU]		[rssB],[galU]		galU	rssB			[b1235]–[b1236]	b1236	b1235		large_deletion		244	1			1291160	1292058	1291160	6	2	899-bp							NC_000913	899			-1	S26_MG1655_AMO_Second			DEL
										1	ydcI/ydcJ	intergenic (-88/-129)	DNA-binding transcriptional dual regulator YdcI/DUF1338 domain-containing protein YdcJ	</>			ydcI		b1422/b1423			b1422	small_indel		349	1			1495159	1495159	1495159	1	1	A							NC_000913	1			-1	S26_MG1655_AMO_Second			DEL
A	642	A		GCG	642	3		GCC		6.66170120e-02	rsxC	1926	SoxR [2Fe-2S] reducing system protein RsxC	>		rsxC			b1629		b1629		snp_synonymous		13	1	G		1708844	1708844	1708844	156	1	C							NC_000913		synonymous		-1	S26_MG1655_AMO_Second	11		SNP
N	666	K		AAT	666	3		AAA		9.48996544e-02	rsxC	1998	SoxR [2Fe-2S] reducing system protein RsxC	>		rsxC			b1629		b1629		snp_nonsynonymous		25	1	T		1708916	1708916	1708916	180	1	A							NC_000913		nonsynonymous		-1	S26_MG1655_AMO_Second	11		SNP
									9	1.51119403e-01	mipA	coding (220-228/747 nt)	MltA-interacting protein	<	mipA				b1782	b1782			mobile_element_insertion		81	2			1866245	1866253	1866245	455	2	ATCCGTTGC		IS1				768	NC_000913			1	-1	S26_MG1655_AMO_Second			MOB
										1	gatD/gatB	intergenic (-490/+918)	galactitol-1-phosphate 5-dehydrogenase/galactitol-specific PTS enzyme IIB component	</<					b2091/b2093				small_indel		488	2			2173363	2173364	2173363	0	2	CC							NC_000913	2			-1	S26_MG1655_AMO_Second			DEL
										8.41817856e-02	gatY/fbaB	intergenic (-24/+284)	tagatose-1,6-bisphosphate aldolase 2/fructose-bisphosphate aldolase class I	</<			gatY		b2096/b2097			b2096	snp_intergenic		17	1	G		2177228	2177228	2177228	175	1	C							NC_000913		intergenic		-1	S26_MG1655_AMO_Second			SNP
										1.37539864e-01	gatY/fbaB	intergenic (-41/+267)	tagatose-1,6-bisphosphate aldolase 2/fructose-bisphosphate aldolase class I	</<			gatY		b2096/b2097			b2096	snp_intergenic		28	1	T		2177245	2177245	2177245	155	1	G							NC_000913		intergenic		-1	S26_MG1655_AMO_Second			SNP
										5.69257736e-02	rihB/yeiL	intergenic (-52/-117)	pyrimidine-specific ribonucleoside hydrolase RihB/DNA-binding transcriptional activator YeiL	</>			rihB		b2162/b2163			b2162	snp_intergenic		21	1	A		2255238	2255238	2255238	298	1	T							NC_000913		intergenic		-1	S26_MG1655_AMO_Second			SNP
										5.89284897e-02	eco/mqo	intergenic (+405/+310)	serine protease inhibitor ecotin/malate:quinone oxidoreductase	>/<			mqo		b2209/b2210			b2210	snp_intergenic		14	1	G		2304798	2304798	2304798	211	1	T							NC_000913		intergenic		-1	S26_MG1655_AMO_Second			SNP
										1	mlaA	coding (129-134/756 nt)	intermembrane phospholipid transport system - outer membrane lipoprotein MlaA	<	mlaA				b2346	b2346			small_indel		226	1			2464874	2464879	2464874	6	2	TTGAAG							NC_000913	6			-1	S26_MG1655_AMO_Second			DEL
										1	nanR/dcuD	intergenic (-236/-144)	NanR/putative transporter DcuD	</>					b3226/b3227				snp_intergenic		951	1	A		3374725	3374725	3374725	1	1	C							NC_000913		intergenic		-1	S26_MG1655_AMO_Second			SNP
K	444	Q		AAA	444	1		CAA		5.13267517e-02	gspA	1330	Type II secretion system protein GspA	<		gspA			b3323		b3323		snp_nonsynonymous		29	1	T		3454069	3454069	3454069	379	1	G							NC_000913		nonsynonymous		-1	S26_MG1655_AMO_Second	11		SNP
N	48	K		AAC	48	3		AAA		5.37109375e-02	ppiA	144	peptidyl-prolyl cis-trans isomerase A	<		ppiA			b3363		b3363		snp_nonsynonymous		29	1	G		3492154	3492154	3492154	420	1	T							NC_000913		nonsynonymous		-1	S26_MG1655_AMO_Second	11		SNP
										1	rtcR/glpG	intergenic (+589/+167)	DNA-binding transcriptional activator RtcR/rhomboid protease GlpG	>/<			glpG	1	b3422/b3424			b3424	small_indel		545	1	G		3560455	3560455	3560455	1	1	C							NC_000913				-1	S26_MG1655_AMO_Second			INS
G	471	V		GGG	471	2		GTG		7.28287697e-02	aceK	1412	isocitrate dehydrogenase kinase/phosphatase	>		aceK			b4016		b4016		snp_nonsynonymous		30	1	G		4220007	4220007	4220007	343	1	T							NC_000913		nonsynonymous		-1	S26_MG1655_AMO_Second	11		SNP
										8.26520920e-02	yjcF/actP	intergenic (-153/+25)	pentapeptide repeat-containing protein YjcF/acetate/glycolate:cation symporter	</<					b4066/b4067				snp_intergenic		12	1	G		4283228	4283228	4283228	142	1	T							NC_000913		intergenic		-1	S26_MG1655_AMO_Second			SNP
										2.46382236e-01	gltP/yjcO	intergenic (+266/+376)	glutamate/aspartate : H(+) symporter GltP/Sel1 repeat-containing protein YjcO	>/<			yjcO		b4077/b4078			b4078	snp_intergenic		193	1	T		4296060	4296060	4296060	591	1	C							NC_000913		intergenic		-1	S26_MG1655_AMO_Second			SNP
										1	gltP/yjcO	intergenic (+586/+56)	glutamate/aspartate : H(+) symporter GltP/Sel1 repeat-containing protein YjcO	>/<			yjcO	1	b4077/b4078			b4078	small_indel		691	2	CG		4296380	4296380	4296380	2	2	A							NC_000913				-1	S26_MG1655_AMO_Second			INS
										1	ampC/frdD	intergenic (-32/+29)	beta-lactamase/fumarate reductase membrane protein FrdD	</<			ampC		b4150/b4151			b4150	small_indel		1599	1			4378976	4378978	4378976	100	2	ATA							NC_000913	3			-1	S26_MG1655_AMO_Second			DEL
L	100	V		CTT	100	1		GTT		1	frdD	298	fumarate reductase membrane protein FrdD	<		frdD			b4151		b4151		snp_nonsynonymous		3800	1	G		4379069	4379069	4379069	11	1	C							NC_000913		nonsynonymous		-1	S26_MG1655_AMO_Second	11		SNP
R	316	R		CGG	316	3		CGT		5.34462929e-02	mutL	948	DNA mismatch repair protein MutL	>		mutL			b4170		b4170		snp_synonymous		15	1	G		4398359	4398359	4398359	220	1	T							NC_000913		synonymous		-1	S26_MG1655_AMO_Second	11		SNP
G	45	V		GGT	45	2		GTT		5.26528358e-02	yjiH	134	uncharacterized protein YjiH	<		yjiH			b4330		b4330		snp_nonsynonymous		29	1	C		4560547	4560547	4560547	417	1	A							NC_000913		nonsynonymous		-1	S26_MG1655_AMO_Second	11		SNP
R	61	R		CGG	61	3		CGT		5.35411835e-02	yjiR	183	fused putative DNA-binding transcriptional regulator/putative aminotransferase YjiR	<		yjiR			b4340		b4340		snp_synonymous		25	1	C		4571392	4571392	4571392	356	1	A							NC_000913		synonymous		-1	S26_MG1655_AMO_Second	11		SNP
N	68	H		AAT	68	1		CAT		8.08525085e-02	ykfM	202	uncharacterized protein YkfM	<		ykfM			b4586		b4586		snp_nonsynonymous		19	1	T		238535	238535	238535	171	1	G							NC_000913		nonsynonymous		-1	S27_MG1655_AMO_Second	11		SNP
H	379	Q		CAC	379	3		CAA		8.97336006e-02	yagH	1137	putative xylosidase/arabinosidase	>		yagH			b0271		b0271		snp_nonsynonymous		25	1	C		287925	287925	287925	214	1	A							NC_000913		nonsynonymous		-1	S27_MG1655_AMO_Second	11		SNP
R	57	L		CGC	57	2		CTC		1.40527248e-01	paoD	170	molybdenum cofactor insertion chaperone PaoD	<		paoD			b0283		b0283		snp_nonsynonymous		24	1	C		298557	298557	298557	137	1	A							NC_000913		nonsynonymous		-1	S27_MG1655_AMO_Second	11		SNP
										5.41930199e-02	ydbA	pseudogene (1248/2518 nt)	putative outer membrane protein, N-terminal fragment	>		ydbA			b4492		b4492		snp_pseudogene		6	1	T		1466639	1466639	1466639	103	1	C							NC_000913		pseudogene		-1	S27_MG1655_AMO_Second			SNP
										1	ydcI/ydcJ	intergenic (-88/-129)	DNA-binding transcriptional dual regulator YdcI/DUF1338 domain-containing protein YdcJ	</>			ydcI		b1422/b1423			b1422	small_indel		136	1			1495159	1495159	1495159	1	1	A							NC_000913	1			-1	S27_MG1655_AMO_Second			DEL
*	117	Q		TAG	117	1		CAG		1	marR	349	DNA-binding transcriptional repressor MarR	>		marR			b1530		b1530		snp_nonsense		173	1	T		1619468	1619468	1619468	5	1	C							NC_000913		nonsense		-1	S27_MG1655_AMO_Second	11		SNP
Q	671	P		CAG	671	2		CCG		1.04806423e-01	rsxC	2012	SoxR [2Fe-2S] reducing system protein RsxC	>		rsxC			b1629		b1629		snp_nonsynonymous		15	1	A		1708930	1708930	1708930	112	1	C							NC_000913		nonsynonymous		-1	S27_MG1655_AMO_Second	11		SNP
										1	insB5–insA5		insB5,insA5		insB5,insA5				[b1893]–[b1894]	b1893,b1894			large_deletion		158	1			1978503	1979278	1978503	0	2	776-bp							NC_000913	776			-1	S27_MG1655_AMO_Second			DEL
										1	gatD/gatB	intergenic (-490/+918)	galactitol-1-phosphate 5-dehydrogenase/galactitol-specific PTS enzyme IIB component	</<					b2091/b2093				small_indel		222	2			2173363	2173364	2173363	2	2	CC							NC_000913	2			-1	S27_MG1655_AMO_Second			DEL
										2.19424248e-01	gatY/fbaB	intergenic (-41/+267)	tagatose-1,6-bisphosphate aldolase 2/fructose-bisphosphate aldolase class I	</<			gatY		b2096/b2097			b2096	snp_intergenic		16	1	T		2177245	2177245	2177245	51	1	G							NC_000913		intergenic		-1	S27_MG1655_AMO_Second			SNP
G	78	G		GGG	78	3		GGT		1.11042976e-01	yehL	234	putative AAA(+) MoxR family ATPase YehL	>		yehL			b2119		b2119		snp_synonymous		13	1	G		2204829	2204829	2204829	96	1	T							NC_000913		synonymous		-1	S27_MG1655_AMO_Second	11		SNP
N	379	K		AAC	379	3		AAA		8.36505890e-02	glpT	1137	sn-glycerol 3-phosphate:phosphate antiporter	<		glpT			b2240		b2240		snp_nonsynonymous		8	1	G		2351238	2351238	2351238	79	1	T							NC_000913		nonsynonymous		-1	S27_MG1655_AMO_Second	11		SNP
										1	nanR/dcuD	intergenic (-236/-144)	NanR/putative transporter DcuD	</>					b3226/b3227				snp_intergenic		183	1	A		3374725	3374725	3374725	0	1	C							NC_000913		intergenic		-1	S27_MG1655_AMO_Second			SNP
									4	1	gspC	coding (260-263/816 nt)	Type II secretion system protein GspC	>	gspC				b3324	b3324			mobile_element_insertion		285	2			3455837	3455840	3455837	8	2	CTAA		IS5				1195	NC_000913			1	-1	S27_MG1655_AMO_Second			MOB
T	258	M		ACG	258	2		ATG		1	envZ	773	sensor histidine kinase EnvZ	<		envZ			b3404		b3404		snp_nonsynonymous		143	1	G		3535096	3535096	3535096	7	1	A							NC_000913		nonsynonymous		-1	S27_MG1655_AMO_Second	11		SNP
										1	rtcR/glpG	intergenic (+589/+167)	DNA-binding transcriptional activator RtcR/rhomboid protease GlpG	>/<			glpG	1	b3422/b3424			b3424	small_indel		156	1	G		3560455	3560455	3560455	0	1	C							NC_000913				-1	S27_MG1655_AMO_Second			INS
									9	1	waaB	coding (462-470/1080 nt)	UDP-D-galactose:(glucosyl)lipopolysaccharide-1, 6-D-galactosyltransferase	<	waaB				b3628	b3628			mobile_element_insertion		295	2			3803668	3803676	3803668	0	2	TTTATCGTC		IS1				768	NC_000913			-1	-1	S27_MG1655_AMO_Second			MOB
T	133	K		ACA	133	2		AAA		1.01181030e-01	nfi	398	endonuclease V	>		nfi			b3998		b3998		snp_nonsynonymous		14	1	C		4199187	4199187	4199187	108	1	A							NC_000913		nonsynonymous		-1	S27_MG1655_AMO_Second	11		SNP
										2.46056080e-01	gltP/yjcO	intergenic (+266/+376)	glutamate/aspartate : H(+) symporter GltP/Sel1 repeat-containing protein YjcO	>/<			yjcO		b4077/b4078			b4078	snp_intergenic		401	1	T		4296060	4296060	4296060	1230	1	C							NC_000913		intergenic		-1	S27_MG1655_AMO_Second			SNP
										1	gltP/yjcO	intergenic (+586/+56)	glutamate/aspartate : H(+) symporter GltP/Sel1 repeat-containing protein YjcO	>/<			yjcO	1	b4077/b4078			b4078	small_indel		1331	2	CG		4296380	4296380	4296380	18	2	A							NC_000913				-1	S27_MG1655_AMO_Second			INS
										1	ampC/frdD	intergenic (-26/+37)	beta-lactamase/fumarate reductase membrane protein FrdD	</<			ampC		b4150/b4151			b4150	snp_intergenic		726	1	A		4378970	4378970	4378970	33	1	C							NC_000913		intergenic		-1	S27_MG1655_AMO_Second			SNP
										1	frdD	coding (341/360 nt)	fumarate reductase membrane protein FrdD	<		frdD		1	b4151		b4151		small_indel		916	1	C		4379026	4379026	4379026	8	1	A							NC_000913				-1	S27_MG1655_AMO_Second			INS
G	63	G		GGG	63	3		GGT		5.90744019e-02	yjiR	189	fused putative DNA-binding transcriptional regulator/putative aminotransferase YjiR	<		yjiR			b4340		b4340		snp_synonymous		20	1	C		4571386	4571386	4571386	255	1	A							NC_000913		synonymous		-1	S27_MG1655_AMO_Second	11		SNP
D	232	E		GAT	232	3		GAG		5.10847092e-01	lon	696	Lon protease	>		lon			b0439		b0439		snp_nonsynonymous		155	1	T		459583	459583	459583	148	1	G							NC_000913		nonsynonymous		-1	S2_MG1655_WT@End_First	11		SNP
C	546	R		TGT	546	1		CGT		9.24849510e-02	lon	1636	Lon protease	>		lon			b0439		b0439		snp_nonsynonymous		30	1	T		460523	460523	460523	297	1	C							NC_000913		nonsynonymous		-1	S2_MG1655_WT@End_First	11		SNP
P	48	A		CCC	48	1		GCC		6.50510788e-02	topA	142	DNA topoisomerase 1	>		topA			b1274		b1274		snp_nonsynonymous		14	1	C		1331189	1331189	1331189	188	1	G							NC_000913		nonsynonymous		-1	S2_MG1655_WT@End_First	11		SNP
										6.66747093e-02	ydbA	pseudogene (945/2518 nt)	putative outer membrane protein, N-terminal fragment	>		ydbA			b4492		b4492		snp_pseudogene		16	1	G		1466336	1466336	1466336	214	1	C							NC_000913		pseudogene		-1	S2_MG1655_WT@End_First			SNP
										6.02498055e-02	ydbA	pseudogene (1194/2518 nt)	putative outer membrane protein, N-terminal fragment	>		ydbA			b4492		b4492		snp_pseudogene		16	1	A		1466585	1466585	1466585	208	1	T							NC_000913		pseudogene		-1	S2_MG1655_WT@End_First			SNP
										1	ydcI/ydcJ	intergenic (-88/-129)	DNA-binding transcriptional dual regulator YdcI/DUF1338 domain-containing protein YdcJ	</>			ydcI		b1422/b1423			b1422	small_indel		352	1			1495159	1495159	1495159	0	1	A							NC_000913	1			-1	S2_MG1655_WT@End_First			DEL
R	597	R		CGA	597	3		CGT		1.42724991e-01	rsxC	1791	SoxR [2Fe-2S] reducing system protein RsxC	>		rsxC			b1629		b1629		snp_synonymous		37	1	A		1708709	1708709	1708709	193	1	T							NC_000913		synonymous		-1	S2_MG1655_WT@End_First	11		SNP
R	629	R		CGA	629	3		CGT		1.55730247e-01	rsxC	1887	SoxR [2Fe-2S] reducing system protein RsxC	>		rsxC			b1629		b1629		snp_synonymous		36	1	A		1708805	1708805	1708805	179	1	T							NC_000913		synonymous		-1	S2_MG1655_WT@End_First	11		SNP
										1	insB5–insA5		insB5,insA5		insB5,insA5				[b1893]–[b1894]	b1893,b1894			large_deletion		368	1			1978503	1979278	1978503	0	2	776-bp							NC_000913	776			-1	S2_MG1655_WT@End_First			DEL
										1	gatD/gatB	intergenic (-490/+918)	galactitol-1-phosphate 5-dehydrogenase/galactitol-specific PTS enzyme IIB component	</<					b2091/b2093				small_indel		521	2			2173363	2173364	2173363	1	2	CC							NC_000913	2			-1	S2_MG1655_WT@End_First			DEL
										1.23332024e-01	gatY/fbaB	intergenic (-30/+278)	tagatose-1,6-bisphosphate aldolase 2/fructose-bisphosphate aldolase class I	</<			gatY		b2096/b2097			b2096	snp_intergenic		37	1	A		2177234	2177234	2177234	224	1	C							NC_000913		intergenic		-1	S2_MG1655_WT@End_First			SNP
										1.18766785e-01	gatY/fbaB	intergenic (-41/+267)	tagatose-1,6-bisphosphate aldolase 2/fructose-bisphosphate aldolase class I	</<			gatY		b2096/b2097			b2096	snp_intergenic		35	1	T		2177245	2177245	2177245	234	1	G							NC_000913		intergenic		-1	S2_MG1655_WT@End_First			SNP
N	32	K		AAC	32	3		AAA		6.85911179e-02	endA	96	DNA-specific endonuclease I	>		endA			b2945		b2945		snp_nonsynonymous		18	1	C		3090442	3090442	3090442	223	1	A							NC_000913		nonsynonymous		-1	S2_MG1655_WT@End_First	11		SNP
										1	rtcR/glpG	intergenic (+589/+167)	DNA-binding transcriptional activator RtcR/rhomboid protease GlpG	>/<			glpG	1	b3422/b3424			b3424	small_indel		299	1	G		3560455	3560455	3560455	1	1	C							NC_000913				-1	S2_MG1655_WT@End_First			INS
H	12	Q		CAC	12	3		CAA		6.97507858e-02	xanP	36	xanthine:H(+) symporter XanP	>		xanP			b3654		b3654		snp_nonsynonymous		13	1	C		3828980	3828980	3828980	159	1	A							NC_000913		nonsynonymous		-1	S2_MG1655_WT@End_First	11		SNP
										9.75923538e-02	yjcF/actP	intergenic (-153/+25)	pentapeptide repeat-containing protein YjcF/acetate/glycolate:cation symporter	</<					b4066/b4067				snp_intergenic		16	1	G		4283228	4283228	4283228	144	1	T							NC_000913		intergenic		-1	S2_MG1655_WT@End_First			SNP
										2.04066277e-01	gltP/yjcO	intergenic (+266/+376)	glutamate/aspartate : H(+) symporter GltP/Sel1 repeat-containing protein YjcO	>/<			yjcO		b4077/b4078			b4078	snp_intergenic		107	1	T		4296060	4296060	4296060	417	1	C							NC_000913		intergenic		-1	S2_MG1655_WT@End_First			SNP
										1	gltP/yjcO	intergenic (+586/+56)	glutamate/aspartate : H(+) symporter GltP/Sel1 repeat-containing protein YjcO	>/<			yjcO	1	b4077/b4078			b4078	small_indel		465	2	CG		4296380	4296380	4296380	4	2	A							NC_000913				-1	S2_MG1655_WT@End_First			INS
										5.13606071e-02	ydbA	pseudogene (945/2518 nt)	putative outer membrane protein, N-terminal fragment	>		ydbA			b4492		b4492		snp_pseudogene		9	1	G		1466336	1466336	1466336	155	1	C							NC_000913		pseudogene		-1	S3_MG1655_AMO_First			SNP
										1	ydcI/ydcJ	intergenic (-88/-129)	DNA-binding transcriptional dual regulator YdcI/DUF1338 domain-containing protein YdcJ	</>			ydcI		b1422/b1423			b1422	small_indel		288	1			1495159	1495159	1495159	1	1	A							NC_000913	1			-1	S3_MG1655_AMO_First			DEL
R	597	R		CGA	597	3		CGT		1.28734112e-01	rsxC	1791	SoxR [2Fe-2S] reducing system protein RsxC	>		rsxC			b1629		b1629		snp_synonymous		32	1	A		1708709	1708709	1708709	210	1	T							NC_000913		synonymous		-1	S3_MG1655_AMO_First	11		SNP
Q	614	E		CAA	614	1		GAA		6.87322617e-02	rsxC	1840	SoxR [2Fe-2S] reducing system protein RsxC	>		rsxC			b1629		b1629		snp_nonsynonymous		16	1	C		1708758	1708758	1708758	201	1	G							NC_000913		nonsynonymous		-1	S3_MG1655_AMO_First	11		SNP
R	629	R		CGA	629	3		CGT		1.65166378e-01	rsxC	1887	SoxR [2Fe-2S] reducing system protein RsxC	>		rsxC			b1629		b1629		snp_synonymous		30	1	A		1708805	1708805	1708805	146	1	T							NC_000913		synonymous		-1	S3_MG1655_AMO_First	11		SNP
R	661	R		CGC	661	3		CGA		5.72218895e-02	rsxC	1983	SoxR [2Fe-2S] reducing system protein RsxC	>		rsxC			b1629		b1629		snp_synonymous		16	1	C		1708901	1708901	1708901	230	1	A							NC_000913		synonymous		-1	S3_MG1655_AMO_First	11		SNP
Q	671	P		CAG	671	2		CCG		7.89823532e-02	rsxC	2012	SoxR [2Fe-2S] reducing system protein RsxC	>		rsxC			b1629		b1629		snp_nonsynonymous		22	1	A		1708930	1708930	1708930	228	1	C							NC_000913		nonsynonymous		-1	S3_MG1655_AMO_First	11		SNP
										1	rlmA/cspC	intergenic (-101/+65)	23S rRNA m(1)G745 methyltransferase/transcription antiterminator and regulator of mRNA stability CspC	</<			rlmA		b1822/b1823			b1822	small_indel		285	1			1907161	1907161	1907161	0	1	C							NC_000913	1			-1	S3_MG1655_AMO_First			DEL
										1	gatD/gatB	intergenic (-490/+918)	galactitol-1-phosphate 5-dehydrogenase/galactitol-specific PTS enzyme IIB component	</<					b2091/b2093				small_indel		500	2			2173363	2173364	2173363	0	2	CC							NC_000913	2			-1	S3_MG1655_AMO_First			DEL
										9.91916656e-02	gatY/fbaB	intergenic (-30/+278)	tagatose-1,6-bisphosphate aldolase 2/fructose-bisphosphate aldolase class I	</<			gatY		b2096/b2097			b2096	snp_intergenic		19	1	A		2177234	2177234	2177234	152	1	C							NC_000913		intergenic		-1	S3_MG1655_AMO_First			SNP
										1.10356808e-01	gatY/fbaB	intergenic (-41/+267)	tagatose-1,6-bisphosphate aldolase 2/fructose-bisphosphate aldolase class I	</<			gatY		b2096/b2097			b2096	snp_intergenic		22	1	T		2177245	2177245	2177245	161	1	G							NC_000913		intergenic		-1	S3_MG1655_AMO_First			SNP
D	7	E		GAC	7	3		GAA		5.82389832e-02	folE	21	GTP cyclohydrolase 1	<		folE			b2153		b2153		snp_nonsynonymous		15	1	G		2243632	2243632	2243632	219	1	T							NC_000913		nonsynonymous		-1	S3_MG1655_AMO_First	11		SNP
K	15	T		AAG	15	2		ACG		8.05077553e-02	envZ	44	sensor histidine kinase EnvZ	<		envZ			b3404		b3404		snp_nonsynonymous		27	1	T		3535825	3535825	3535825	306	1	G							NC_000913		nonsynonymous		-1	S3_MG1655_AMO_First	11		SNP
L	57	M		TTG	57	1		ATG		6.22301102e-02	ompR	169	DNA-binding transcriptional dual regulator OmpR	<		ompR			b3405		b3405		snp_nonsynonymous		17	1	A		3536416	3536416	3536416	253	1	T							NC_000913		nonsynonymous		-1	S3_MG1655_AMO_First	11		SNP
H	15	R		CAC	15	2		CGC		4.99958038e-01	ompR	44	DNA-binding transcriptional dual regulator OmpR	<		ompR			b3405		b3405		snp_nonsynonymous		143	1	T		3536541	3536541	3536541	143	1	C							NC_000913		nonsynonymous		-1	S3_MG1655_AMO_First	11		SNP
										1	rtcR/glpG	intergenic (+589/+167)	DNA-binding transcriptional activator RtcR/rhomboid protease GlpG	>/<			glpG	1	b3422/b3424			b3424	small_indel		260	1	G		3560455	3560455	3560455	0	1	C							NC_000913				-1	S3_MG1655_AMO_First			INS
										2.22874641e-01	gltP/yjcO	intergenic (+266/+376)	glutamate/aspartate : H(+) symporter GltP/Sel1 repeat-containing protein YjcO	>/<			yjcO		b4077/b4078			b4078	snp_intergenic		105	1	T		4296060	4296060	4296060	367	1	C							NC_000913		intergenic		-1	S3_MG1655_AMO_First			SNP
										1	gltP/yjcO	intergenic (+586/+56)	glutamate/aspartate : H(+) symporter GltP/Sel1 repeat-containing protein YjcO	>/<			yjcO	1	b4077/b4078			b4078	small_indel		386	2	CG		4296380	4296380	4296380	0	2	A							NC_000913				-1	S3_MG1655_AMO_First			INS
										1	ampC/frdD	intergenic (-40/+23)	beta-lactamase/fumarate reductase membrane protein FrdD	</<			ampC		b4150/b4151			b4150	small_indel		11649	1			4378984	4378984	4378984	41	1	G							NC_000913	1			-1	S3_MG1655_AMO_First			DEL
										1	frdD	coding (348/360 nt)	fumarate reductase membrane protein FrdD	<		frdD		1	b4151		b4151		small_indel		11466	1	G		4379019	4379019	4379019	301	1	G							NC_000913				-1	S3_MG1655_AMO_First			INS
									9	1	yjeM	coding (482-490/1503 nt)	putative transporter YjeM	>	yjeM				b4156	b4156			mobile_element_insertion		12836	2			4384320	4384328	4384320	0	2	CGGTGGGCG		IS1				768	NC_000913			-1	-1	S3_MG1655_AMO_First			MOB
Y	7	N		TAT	7	1		AAT		5.07926941e-02	pcnB	19	poly(A) polymerase I	<		pcnB			b0143		b0143		snp_nonsynonymous		16	1	A		159108	159108	159108	254	1	T							NC_000913		nonsynonymous		-1	S7_MG1655_WT@Start_First	11		SNP
										1	insB9–[crl]		insB9,insA9,[crl]		insB9,insA9,crl				[b4710]–[b0240]	b4710,b4709,b0240			large_deletion		332	1			257908	258683	257908	0	2	776-bp							NC_000913	776			-1	S7_MG1655_WT@Start_First			DEL
										5.82766533e-02	bolA/tig	intergenic (+84/-260)	DNA-binding transcriptional dual regulator BolA/trigger factor	>/>			tig		b0435/b0436			b0436	snp_intergenic		15	1	G		454873	454873	454873	221	1	C							NC_000913		intergenic		-1	S7_MG1655_WT@Start_First			SNP
G	61	V		GGT	61	2		GTT		5.44719696e-02	ynaK	182	ParB-like nuclease domain-containing protein YnaK	>		ynaK			b1365		b1365		snp_nonsynonymous		16	1	G		1425558	1425558	1425558	246	1	T							NC_000913		nonsynonymous		-1	S7_MG1655_WT@Start_First	11		SNP
										5.19361496e-02	ydbA	pseudogene (945/2518 nt)	putative outer membrane protein, N-terminal fragment	>		ydbA			b4492		b4492		snp_pseudogene		15	1	G		1466336	1466336	1466336	254	1	C							NC_000913		pseudogene		-1	S7_MG1655_WT@Start_First			SNP
										7.39088058e-02	ydbA	pseudogene (1194/2518 nt)	putative outer membrane protein, N-terminal fragment	>		ydbA			b4492		b4492		snp_pseudogene		25	1	A		1466585	1466585	1466585	262	1	T							NC_000913		pseudogene		-1	S7_MG1655_WT@Start_First			SNP
R	597	R		CGA	597	3		CGT		9.17363167e-02	rsxC	1791	SoxR [2Fe-2S] reducing system protein RsxC	>		rsxC			b1629		b1629		snp_synonymous		31	1	A		1708709	1708709	1708709	264	1	T							NC_000913		synonymous		-1	S7_MG1655_WT@Start_First	11		SNP
R	629	R		CGA	629	3		CGT		1.33101463e-01	rsxC	1887	SoxR [2Fe-2S] reducing system protein RsxC	>		rsxC			b1629		b1629		snp_synonymous		32	1	A		1708805	1708805	1708805	204	1	T							NC_000913		synonymous		-1	S7_MG1655_WT@Start_First	11		SNP
Q	671	P		CAG	671	2		CCG		6.27236366e-02	rsxC	2012	SoxR [2Fe-2S] reducing system protein RsxC	>		rsxC			b1629		b1629		snp_nonsynonymous		22	1	A		1708930	1708930	1708930	285	1	C							NC_000913		nonsynonymous		-1	S7_MG1655_WT@Start_First	11		SNP
										1	gatD/gatB	intergenic (-490/+918)	galactitol-1-phosphate 5-dehydrogenase/galactitol-specific PTS enzyme IIB component	</<					b2091/b2093				small_indel		576	2			2173363	2173364	2173363	0	2	CC							NC_000913	2			-1	S7_MG1655_WT@Start_First			DEL
										9.42940712e-02	gatY/fbaB	intergenic (-30/+278)	tagatose-1,6-bisphosphate aldolase 2/fructose-bisphosphate aldolase class I	</<			gatY		b2096/b2097			b2096	snp_intergenic		31	1	A		2177234	2177234	2177234	235	1	C							NC_000913		intergenic		-1	S7_MG1655_WT@Start_First			SNP
										1.03096962e-01	gatY/fbaB	intergenic (-41/+267)	tagatose-1,6-bisphosphate aldolase 2/fructose-bisphosphate aldolase class I	</<			gatY		b2096/b2097			b2096	snp_intergenic		33	1	T		2177245	2177245	2177245	251	1	G							NC_000913		intergenic		-1	S7_MG1655_WT@Start_First			SNP
										8.38165283e-02	eco/mqo	intergenic (+295/+420)	serine protease inhibitor ecotin/malate:quinone oxidoreductase	>/<			mqo		b2209/b2210			b2210	snp_intergenic		14	1	C		2304688	2304688	2304688	161	1	A							NC_000913		intergenic		-1	S7_MG1655_WT@Start_First			SNP
										7.98778534e-02	smrB/yfcO	intergenic (+52/+19)	putative endonuclease SmrB/DUF2544 domain-containing protein YfcO	>/<			yfcO		b2331/b2332			b2332	snp_intergenic		13	1	G		2449209	2449209	2449209	135	1	T							NC_000913		intergenic		-1	S7_MG1655_WT@Start_First			SNP
K	433	Q		AAA	433	1		CAA		1.29085541e-01	yfdI	1297	serotype-specific glucosyl transferase YfdI	>		yfdI			b2352		b2352		snp_nonsynonymous		25	1	A		2470427	2470427	2470427	146	1	C							NC_000913		nonsynonymous		-1	S7_MG1655_WT@Start_First	11		SNP
										1	rtcR/glpG	intergenic (+589/+167)	DNA-binding transcriptional activator RtcR/rhomboid protease GlpG	>/<			glpG	1	b3422/b3424			b3424	small_indel		360	1	G		3560455	3560455	3560455	0	1	C							NC_000913				-1	S7_MG1655_WT@Start_First			INS
										2.19098091e-01	gltP/yjcO	intergenic (+266/+376)	glutamate/aspartate : H(+) symporter GltP/Sel1 repeat-containing protein YjcO	>/<			yjcO		b4077/b4078			b4078	snp_intergenic		140	1	T		4296060	4296060	4296060	499	1	C							NC_000913		intergenic		-1	S7_MG1655_WT@Start_First			SNP
										1	gltP/yjcO	intergenic (+586/+56)	glutamate/aspartate : H(+) symporter GltP/Sel1 repeat-containing protein YjcO	>/<			yjcO	1	b4077/b4078			b4078	small_indel		552	2	CG		4296380	4296380	4296380	0	2	A							NC_000913				-1	S7_MG1655_WT@Start_First			INS
L	137	F		TTA	137	3		TTC		1.16124153e-01	adk	411	adenylate kinase	>		adk			b0474		b0474		snp_nonsynonymous		20	1	A		497585	497585	497585	133	1	C							NC_000913		nonsynonymous		-1	S8_MG1655_WT@End_First	11		SNP
										1	nmpC/essD	intergenic (-288/-285)	putative outer membrane porin NmpC/putative phage lysis protein	</>				1	b0553/b0554				small_indel		330	1	T		577113	577113	577113	3	1	T	1		7	6	T		NC_000913				-1	S8_MG1655_WT@End_First			INS
										6.94303513e-02	ydbA	pseudogene (1213/2518 nt)	putative outer membrane protein, N-terminal fragment	>		ydbA			b4492		b4492		snp_pseudogene		27	1	T		1466604	1466604	1466604	270	1	G							NC_000913		pseudogene		-1	S8_MG1655_WT@End_First			SNP
R	597	R		CGA	597	3		CGT		1.12128258e-01	rsxC	1791	SoxR [2Fe-2S] reducing system protein RsxC	>		rsxC			b1629		b1629		snp_synonymous		32	1	A		1708709	1708709	1708709	218	1	T							NC_000913		synonymous		-1	S8_MG1655_WT@End_First	11		SNP
R	629	R		CGA	629	3		CGT		1.53744221e-01	rsxC	1887	SoxR [2Fe-2S] reducing system protein RsxC	>		rsxC			b1629		b1629		snp_synonymous		44	1	A		1708805	1708805	1708805	206	1	T							NC_000913		synonymous		-1	S8_MG1655_WT@End_First	11		SNP
Q	671	P		CAG	671	2		CCG		6.11505508e-02	rsxC	2012	SoxR [2Fe-2S] reducing system protein RsxC	>		rsxC			b1629		b1629		snp_nonsynonymous		20	1	A		1708930	1708930	1708930	256	1	C							NC_000913		nonsynonymous		-1	S8_MG1655_WT@End_First	11		SNP
										1	gatD/gatB	intergenic (-490/+918)	galactitol-1-phosphate 5-dehydrogenase/galactitol-specific PTS enzyme IIB component	</<					b2091/b2093				small_indel		506	2			2173363	2173364	2173363	0	2	CC							NC_000913	2			-1	S8_MG1655_WT@End_First			DEL
										8.81710052e-02	gatY/fbaB	intergenic (-30/+278)	tagatose-1,6-bisphosphate aldolase 2/fructose-bisphosphate aldolase class I	</<			gatY		b2096/b2097			b2096	snp_intergenic		25	1	A		2177234	2177234	2177234	217	1	C							NC_000913		intergenic		-1	S8_MG1655_WT@End_First			SNP
										7.69295692e-02	gatY/fbaB	intergenic (-41/+267)	tagatose-1,6-bisphosphate aldolase 2/fructose-bisphosphate aldolase class I	</<			gatY		b2096/b2097			b2096	snp_intergenic		19	1	T		2177245	2177245	2177245	216	1	G							NC_000913		intergenic		-1	S8_MG1655_WT@End_First			SNP
										5.27825356e-02	gatY/fbaB	intergenic (-68/+240)	tagatose-1,6-bisphosphate aldolase 2/fructose-bisphosphate aldolase class I	</<			gatY		b2096/b2097			b2096	snp_intergenic		15	1	A		2177272	2177272	2177272	235	1	T							NC_000913		intergenic		-1	S8_MG1655_WT@End_First			SNP
										1	rtcR/glpG	intergenic (+589/+167)	DNA-binding transcriptional activator RtcR/rhomboid protease GlpG	>/<			glpG	1	b3422/b3424			b3424	small_indel		311	1	G		3560455	3560455	3560455	0	1	C							NC_000913				-1	S8_MG1655_WT@End_First			INS
										6.42499924e-02	yidB/gyrB	intergenic (-170/+70)	DUF937 domain-containing protein YidB/DNA gyrase subunit B	</<					b3698/b3699				snp_intergenic		17	1	A		3877635	3877635	3877635	205	1	C							NC_000913		intergenic		-1	S8_MG1655_WT@End_First			SNP
G	471	V		GGG	471	2		GTG		1.08695984e-01	aceK	1412	isocitrate dehydrogenase kinase/phosphatase	>		aceK			b4016		b4016		snp_nonsynonymous		27	1	G		4220007	4220007	4220007	212	1	T							NC_000913		nonsynonymous		-1	S8_MG1655_WT@End_First	11		SNP
										1.00626469e-01	yjcF/actP	intergenic (-153/+25)	pentapeptide repeat-containing protein YjcF/acetate/glycolate:cation symporter	</<					b4066/b4067				snp_intergenic		16	1	G		4283228	4283228	4283228	141	1	T							NC_000913		intergenic		-1	S8_MG1655_WT@End_First			SNP
										2.12051392e-01	gltP/yjcO	intergenic (+266/+376)	glutamate/aspartate : H(+) symporter GltP/Sel1 repeat-containing protein YjcO	>/<			yjcO		b4077/b4078			b4078	snp_intergenic		108	1	T		4296060	4296060	4296060	401	1	C							NC_000913		intergenic		-1	S8_MG1655_WT@End_First			SNP
										1	gltP/yjcO	intergenic (+586/+56)	glutamate/aspartate : H(+) symporter GltP/Sel1 repeat-containing protein YjcO	>/<			yjcO	1	b4077/b4078			b4078	small_indel		445	2	CG		4296380	4296380	4296380	0	2	A							NC_000913				-1	S8_MG1655_WT@End_First			INS
N	76	K		AAC	76	3		AAA		5.06601334e-02	yjeO	228	DUF2645 domain-containing inner membrane protein YjeO	>		yjeO			b4158		b4158		snp_nonsynonymous		14	1	C		4385931	4385931	4385931	235	1	A							NC_000913		nonsynonymous		-1	S8_MG1655_WT@End_First	11		SNP
E	113	V		GAG	113	2		GTG		1	treB	338	trehalose-specific PTS enzyme IIBC component	<		treB			b4240		b4240		snp_nonsynonymous		327	1	T		4465843	4465843	4465843	0	1	A							NC_000913		nonsynonymous		-1	S8_MG1655_WT@End_First	11		SNP
G	212	G		GGG	212	3		GGC		7.86952972e-02	nhaA	636	Na(+):H(+) antiporter NhaA	>		nhaA			b0019		b0019		snp_synonymous		14	1	G		18124	18124	18124	152	1	C							NC_000913		synonymous		-1	S9_MG1655_AMO_First	11		SNP
									9	6.13207547e-01	ybgD/gltA	intergenic (-351/+31)	putative fimbrial protein YbgD/citrate synthase	</<					b0719/b0720				mobile_element_insertion		390	2			753146	753154	753146	246	2	AACGGCGGG		IS1				768	NC_000913			-1	-1	S9_MG1655_AMO_First			MOB
										5.16166687e-02	ydbA	pseudogene (877/2518 nt)	putative outer membrane protein, N-terminal fragment	>		ydbA			b4492		b4492		snp_pseudogene		16	1	C		1466268	1466268	1466268	263	1	A							NC_000913		pseudogene		-1	S9_MG1655_AMO_First			SNP
										8.57348442e-02	ydbA	pseudogene (945/2518 nt)	putative outer membrane protein, N-terminal fragment	>		ydbA			b4492		b4492		snp_pseudogene		19	1	G		1466336	1466336	1466336	199	1	C							NC_000913		pseudogene		-1	S9_MG1655_AMO_First			SNP
										5.37557602e-02	ydbA	pseudogene (1171/2518 nt)	putative outer membrane protein, N-terminal fragment	>		ydbA			b4492		b4492		snp_pseudogene		14	1	C		1466562	1466562	1466562	243	1	G							NC_000913		pseudogene		-1	S9_MG1655_AMO_First			SNP
										1.08800888e-01	ydbA	pseudogene (1213/2518 nt)	putative outer membrane protein, N-terminal fragment	>		ydbA			b4492		b4492		snp_pseudogene		32	1	T		1466604	1466604	1466604	233	1	G							NC_000913		pseudogene		-1	S9_MG1655_AMO_First			SNP
R	42	R		CGG	42	3		CGT		5.04817963e-02	rsxC	126	SoxR [2Fe-2S] reducing system protein RsxC	>		rsxC			b1629		b1629		snp_synonymous		14	1	G		1707044	1707044	1707044	229	1	T							NC_000913		synonymous		-1	S9_MG1655_AMO_First	11		SNP
R	597	R		CGA	597	3		CGT		1.12471581e-01	rsxC	1791	SoxR [2Fe-2S] reducing system protein RsxC	>		rsxC			b1629		b1629		snp_synonymous		33	1	A		1708709	1708709	1708709	215	1	T							NC_000913		synonymous		-1	S9_MG1655_AMO_First	11		SNP
R	629	R		CGA	629	3		CGT		1.56463623e-01	rsxC	1887	SoxR [2Fe-2S] reducing system protein RsxC	>		rsxC			b1629		b1629		snp_synonymous		33	1	A		1708805	1708805	1708805	163	1	T							NC_000913		synonymous		-1	S9_MG1655_AMO_First	11		SNP
D	643	E		GAC	643	3		GAG		5.84216118e-02	rsxC	1929	SoxR [2Fe-2S] reducing system protein RsxC	>		rsxC			b1629		b1629		snp_nonsynonymous		13	1	C		1708847	1708847	1708847	197	1	G							NC_000913		nonsynonymous		-1	S9_MG1655_AMO_First	11		SNP
R	661	R		CGC	661	3		CGA		8.98380280e-02	rsxC	1983	SoxR [2Fe-2S] reducing system protein RsxC	>		rsxC			b1629		b1629		snp_synonymous		25	1	C		1708901	1708901	1708901	234	1	A							NC_000913		synonymous		-1	S9_MG1655_AMO_First	11		SNP
Q	671	P		CAG	671	2		CCG		7.51962662e-02	rsxC	2012	SoxR [2Fe-2S] reducing system protein RsxC	>		rsxC			b1629		b1629		snp_nonsynonymous		22	1	A		1708930	1708930	1708930	234	1	C							NC_000913		nonsynonymous		-1	S9_MG1655_AMO_First	11		SNP
A	692	A		GCC	692	3		GCA		5.13591766e-02	rsxC	2076	SoxR [2Fe-2S] reducing system protein RsxC	>		rsxC			b1629		b1629		snp_synonymous		18	1	C		1708994	1708994	1708994	295	1	A							NC_000913		synonymous		-1	S9_MG1655_AMO_First	11		SNP
										1	gatD/gatB	intergenic (-490/+918)	galactitol-1-phosphate 5-dehydrogenase/galactitol-specific PTS enzyme IIB component	</<					b2091/b2093				small_indel		486	2			2173363	2173364	2173363	2	2	CC							NC_000913	2			-1	S9_MG1655_AMO_First			DEL
										6.45928383e-02	gatY/fbaB	intergenic (-41/+267)	tagatose-1,6-bisphosphate aldolase 2/fructose-bisphosphate aldolase class I	</<			gatY		b2096/b2097			b2096	snp_intergenic		17	1	T		2177245	2177245	2177245	204	1	G							NC_000913		intergenic		-1	S9_MG1655_AMO_First			SNP
										1.02502346e-01	eco/mqo	intergenic (+295/+420)	serine protease inhibitor ecotin/malate:quinone oxidoreductase	>/<			mqo		b2209/b2210			b2210	snp_intergenic		14	1	C		2304688	2304688	2304688	133	1	A							NC_000913		intergenic		-1	S9_MG1655_AMO_First			SNP
										6.02402687e-02	eco/mqo	intergenic (+405/+310)	serine protease inhibitor ecotin/malate:quinone oxidoreductase	>/<			mqo		b2209/b2210			b2210	snp_intergenic		20	1	G		2304798	2304798	2304798	277	1	T							NC_000913		intergenic		-1	S9_MG1655_AMO_First			SNP
V	445	D		GTT	445	2		GAT		1	rpoD	1334	RNA polymerase sigma factor RpoD	>		rpoD			b3067		b3067		snp_nonsynonymous		283	1	T		3214380	3214380	3214380	2	1	A							NC_000913		nonsynonymous		-1	S9_MG1655_AMO_First	11		SNP
										1	prlF	coding (263/336 nt)	antitoxin PrlF	>	prlF			1	b3129	b3129			small_indel		291	1	CATTCAA		3277264	3277264	3277264	20	2	A	7		2	1	CATTCAA		NC_000913				-1	S9_MG1655_AMO_First			INS
										1	rtcR/glpG	intergenic (+589/+167)	DNA-binding transcriptional activator RtcR/rhomboid protease GlpG	>/<			glpG	1	b3422/b3424			b3424	small_indel		268	1	G		3560455	3560455	3560455	0	1	C							NC_000913				-1	S9_MG1655_AMO_First			INS
										6.15324974e-02	yhjY/tag	intergenic (-3/-155)	putative outer membrane protein YhjY/3-methyl-adenine DNA glycosylase I, constitutive	</>			yhjY		b3548/b3549			b3548	snp_intergenic		13	1	C		3712937	3712937	3712937	180	1	A							NC_000913		intergenic		-1	S9_MG1655_AMO_First			SNP
									9	1	waaS	coding (928-936/936 nt)	lipopolysaccharide core biosynthesis protein WaaS	<		waaS			b3629		b3629		mobile_element_insertion		742	2			3804181	3804189	3804181	0	2	TTATTTGTC		IS1				768	NC_000913			-1	-1	S9_MG1655_AMO_First			MOB
										2.06621647e-01	gltP/yjcO	intergenic (+266/+376)	glutamate/aspartate : H(+) symporter GltP/Sel1 repeat-containing protein YjcO	>/<			yjcO		b4077/b4078			b4078	snp_intergenic		110	1	T		4296060	4296060	4296060	422	1	C							NC_000913		intergenic		-1	S9_MG1655_AMO_First			SNP
										1	gltP/yjcO	intergenic (+586/+56)	glutamate/aspartate : H(+) symporter GltP/Sel1 repeat-containing protein YjcO	>/<			yjcO	1	b4077/b4078			b4078	small_indel		469	2	CG		4296380	4296380	4296380	0	2	A							NC_000913				-1	S9_MG1655_AMO_First			INS
										1	ampC/frdD	intergenic (-26/+37)	beta-lactamase/fumarate reductase membrane protein FrdD	</<			ampC		b4150/b4151			b4150	snp_intergenic		1189	1	G		4378970	4378970	4378970	2	1	C							NC_000913		intergenic		-1	S9_MG1655_AMO_First			SNP
D	111	V		GAC	111	2		GTC		1	frdD	332	fumarate reductase membrane protein FrdD	<		frdD			b4151		b4151		snp_nonsynonymous		1206	1	T		4379035	4379035	4379035	1	1	A							NC_000913		nonsynonymous		-1	S9_MG1655_AMO_First	11		SNP
