aa_new_seq	aa_position	aa_ref_seq	clone	codon_new_seq	codon_number	codon_position	codon_position_is_indeterminate	codon_ref_seq	frequency	gene_name	gene_position	gene_product	gene_strand	genes_inactivated	genes_overlapping	genes_promoter	insert_position	locus_tag	locus_tags_inactivated	locus_tags_overlapping	locus_tags_promoter	mutation_category	mutator_status	new_read_count	new_read_count_basis	new_seq	population	position	position_end	position_start	ref_read_count	ref_read_count_basis	ref_seq	repeat_length	repeat_new_copies	repeat_ref_copies	repeat_seq	seq_id	size	snp_type	time	title	transl_table	treatment	type
R	310	L		CGG	310	2		CTG	7.88159370e-02	carB	929	carbamoyl-phosphate synthase large subunit	>		carB			BW25113_RS00170		BW25113_RS00170		snp_nonsynonymous		15	1	G		31745	31745	31745	153	1	T					NZ_CP009273		nonsynonymous	-1	S13_dinB_WT@Start_Second	11		SNP
T	298	N		ACC	298	2		AAC	5.05833626e-02	yagF	893	xylonate dehydratase YagF	>		yagF			BW25113_RS01380		BW25113_RS01380		snp_nonsynonymous		19	1	C		279804	279804	279804	288	1	A					NZ_CP009273		nonsynonymous	-1	S13_dinB_WT@Start_Second	11		SNP
R	57	L		CGC	57	2		CTC	8.10780525e-02	paoD	170	molybdenum cofactor insertion chaperone PaoD	<		paoD			BW25113_RS01455		BW25113_RS01455		snp_nonsynonymous		20	1	C		294268	294268	294268	197	1	A					NZ_CP009273		nonsynonymous	-1	S13_dinB_WT@Start_Second	11		SNP
V	324	F		GTT	324	1		TTT	7.03344345e-02	ampG	970	muropeptide MFS transporter AmpG	<		ampG			BW25113_RS02240		BW25113_RS02240		snp_nonsynonymous		19	1	C		448032	448032	448032	212	1	A					NZ_CP009273		nonsynonymous	-1	S13_dinB_WT@Start_Second	11		SNP
P	554	T		CCG	554	1		ACG	7.02557564e-02	ybbP	1660	ABC transporter permease	>		ybbP			BW25113_RS02560		BW25113_RS02560		snp_nonsynonymous		16	1	C		517531	517531	517531	182	1	A					NZ_CP009273		nonsynonymous	-1	S13_dinB_WT@Start_Second	11		SNP
N	121	K		AAC	121	3		AAA	6.76779747e-02	ltaE	363	low-specificity L-threonine aldolase	<		ltaE			BW25113_RS04515		BW25113_RS04515		snp_nonsynonymous		21	1	G		904388	904388	904388	249	1	T					NZ_CP009273		nonsynonymous	-1	S13_dinB_WT@Start_Second	11		SNP
G	290	G		GGG	290	3		GGT	5.45582771e-02	ydeE	870	efflux MFS transporter YdeE	>		ydeE			BW25113_RS08040		BW25113_RS08040		snp_synonymous		16	1	G		1616458	1616458	1616458	223	1	T					NZ_CP009273		synonymous	-1	S13_dinB_WT@Start_Second	11		SNP
R	42	R		CGG	42	3		CGT	6.68301582e-02	rsxC	126	electron transport complex subunit RsxC	>		rsxC			BW25113_RS08525		BW25113_RS08525		snp_synonymous		16	1	G		1701301	1701301	1701301	192	1	T					NZ_CP009273		synonymous	-1	S13_dinB_WT@Start_Second	11		SNP
R	597	R		CGA	597	3		CGT	1.40482426e-01	rsxC	1791	electron transport complex subunit RsxC	>		rsxC			BW25113_RS08525		BW25113_RS08525		snp_synonymous		41	1	A		1702966	1702966	1702966	225	1	T					NZ_CP009273		synonymous	-1	S13_dinB_WT@Start_Second	11		SNP
R	629	R		CGA	629	3		CGT	1.32955551e-01	rsxC	1887	electron transport complex subunit RsxC	>		rsxC			BW25113_RS08525		BW25113_RS08525		snp_synonymous		41	1	A		1703062	1703062	1703062	228	1	T					NZ_CP009273		synonymous	-1	S13_dinB_WT@Start_Second	11		SNP
A	632	A		GCT	632	3		GCA	8.48741531e-02	rsxC	1896	electron transport complex subunit RsxC	>		rsxC			BW25113_RS08525		BW25113_RS08525		snp_synonymous		30	1	T		1703071	1703071	1703071	233	1	A					NZ_CP009273		synonymous	-1	S13_dinB_WT@Start_Second	11		SNP
R	661	R		CGC	661	3		CGA	6.06913567e-02	rsxC	1983	electron transport complex subunit RsxC	>		rsxC			BW25113_RS08525		BW25113_RS08525		snp_synonymous		19	1	C		1703158	1703158	1703158	245	1	A					NZ_CP009273		synonymous	-1	S13_dinB_WT@Start_Second	11		SNP
Q	671	P		CAG	671	2		CCG	6.70280457e-02	rsxC	2012	electron transport complex subunit RsxC	>		rsxC			BW25113_RS08525		BW25113_RS08525		snp_nonsynonymous		21	1	A		1703187	1703187	1703187	244	1	C					NZ_CP009273		nonsynonymous	-1	S13_dinB_WT@Start_Second	11		SNP
T	968	A		ACG	968	1		GCG	1.14277840e-01	lhr	2902	ATP-dependent helicase	>		lhr			BW25113_RS08650		BW25113_RS08650		snp_nonsynonymous		40	1	A		1726245	1726245	1726245	310	1	G					NZ_CP009273		nonsynonymous	-1	S13_dinB_WT@Start_Second	11		SNP
*	43	L		TAA	43	2		TTA	5.15189171e-02	purR	128	HTH-type transcriptional repressor PurR	>	purR				BW25113_RS08680	BW25113_RS08680			snp_nonsense		20	1	A		1732228	1732228	1732228	309	1	T					NZ_CP009273		nonsense	-1	S13_dinB_WT@Start_Second	11		SNP
									1.43211365e-01	gatY/fbaB	intergenic (-30/+278)	tagatose-bisphosphate aldolase subunit GatY/class I fructose-bisphosphate aldolase	</<			gatY		BW25113_RS10935/BW25113_RS10940			BW25113_RS10935	snp_intergenic		24	1	A		2170713	2170713	2170713	147	1	C					NZ_CP009273		intergenic	-1	S13_dinB_WT@Start_Second			SNP
									1.35535717e-01	gatY/fbaB	intergenic (-41/+267)	tagatose-bisphosphate aldolase subunit GatY/class I fructose-bisphosphate aldolase	</<			gatY		BW25113_RS10935/BW25113_RS10940			BW25113_RS10935	snp_intergenic		27	1	T		2170724	2170724	2170724	146	1	G					NZ_CP009273		intergenic	-1	S13_dinB_WT@Start_Second			SNP
									6.52093887e-02	gatY/fbaB	intergenic (-68/+240)	tagatose-bisphosphate aldolase subunit GatY/class I fructose-bisphosphate aldolase	</<			gatY		BW25113_RS10935/BW25113_RS10940			BW25113_RS10935	snp_intergenic		16	1	A		2170751	2170751	2170751	189	1	T					NZ_CP009273		intergenic	-1	S13_dinB_WT@Start_Second			SNP
C	75	F		TGT	75	2		TTT	7.28588104e-02	yfeZ	224	DUF2919 domain-containing protein	<		yfeZ			BW25113_RS12690		BW25113_RS12690		snp_nonsynonymous		15	1	C		2544862	2544862	2544862	166	1	A					NZ_CP009273		nonsynonymous	-1	S13_dinB_WT@Start_Second	11		SNP
N	7	K		AAC	7	3		AAA	6.75234795e-02	pbpC	21	peptidoglycan glycosyltransferase PbpC	<		pbpC			BW25113_RS13140		BW25113_RS13140		snp_nonsynonymous		22	1	G		2640664	2640664	2640664	252	1	T					NZ_CP009273		nonsynonymous	-1	S13_dinB_WT@Start_Second	11		SNP
V	176	F		GTT	176	1		TTT	6.15248680e-02	yrbG	526	calcium/sodium antiporter	>		yrbG			BW25113_RS16565		BW25113_RS16565		snp_nonsynonymous		15	1	G		3334159	3334159	3334159	188	1	T					NZ_CP009273		nonsynonymous	-1	S13_dinB_WT@Start_Second	11		SNP
V	128	F		GTT	128	1		TTT	5.33819199e-02	yicG	382	trimeric intracellular cation channel family protein	>		yicG			BW25113_RS18930		BW25113_RS18930		snp_nonsynonymous		14	1	G		3812615	3812615	3812615	204	1	T					NZ_CP009273		nonsynonymous	-1	S13_dinB_WT@Start_Second	11		SNP
N	104	K		AAC	104	3		AAA	7.99856186e-02	fixB	312	electron transfer flavoprotein subunit alpha/FixB family protein	>		fixB			BW25113_RS00220		BW25113_RS00220		snp_nonsynonymous		16	1	C		43499	43499	43499	156	1	A					NZ_CP009273		nonsynonymous	-1	S14_dinB_WT@End_Second	11		SNP
N	42	K		AAC	42	3		AAA	6.42542839e-02	rcsF	126	Rcs stress response system protein RcsF	<		rcsF			BW25113_RS00985		BW25113_RS00985		snp_nonsynonymous		16	1	G		216357	216357	216357	199	1	T					NZ_CP009273		nonsynonymous	-1	S14_dinB_WT@End_Second	11		SNP
P	591	T		CCG	591	1		ACG	6.04739189e-02	yagF	1771	xylonate dehydratase YagF	>		yagF			BW25113_RS01380		BW25113_RS01380		snp_nonsynonymous		17	1	C		280682	280682	280682	223	1	A					NZ_CP009273		nonsynonymous	-1	S14_dinB_WT@End_Second	11		SNP
R	57	L		CGC	57	2		CTC	9.96928215e-02	paoD	170	molybdenum cofactor insertion chaperone PaoD	<		paoD			BW25113_RS01455		BW25113_RS01455		snp_nonsynonymous		15	1	C		294268	294268	294268	125	1	A					NZ_CP009273		nonsynonymous	-1	S14_dinB_WT@End_Second	11		SNP
N	121	K		AAC	121	3		AAA	5.98621368e-02	ltaE	363	low-specificity L-threonine aldolase	<		ltaE			BW25113_RS04515		BW25113_RS04515		snp_nonsynonymous		13	1	G		904388	904388	904388	170	1	T					NZ_CP009273		nonsynonymous	-1	S14_dinB_WT@End_Second	11		SNP
N	515	K		AAC	515	3		AAA	7.25331306e-02	dhaR	1545	dihydroxyacetone kinase operon transcriptional regulator DhaR	>		dhaR			BW25113_RS06250		BW25113_RS06250		snp_nonsynonymous		14	1	C		1248066	1248066	1248066	155	1	A					NZ_CP009273		nonsynonymous	-1	S14_dinB_WT@End_Second	11		SNP
N	5	K		AAC	5	3		AAA	1.17612362e-01	trpE	15	anthranilate synthase component I	<		trpE			BW25113_RS06590		BW25113_RS06590		snp_nonsynonymous		17	1	G		1317189	1317189	1317189	114	1	T					NZ_CP009273		nonsynonymous	-1	S14_dinB_WT@End_Second	11		SNP
G	255	V		GGT	255	2		GTT	6.58783913e-02	adhP	764	alcohol dehydrogenase AdhP	<		adhP			BW25113_RS07750		BW25113_RS07750		snp_nonsynonymous		14	1	C		1547332	1547332	1547332	173	1	A					NZ_CP009273		nonsynonymous	-1	S14_dinB_WT@End_Second	11		SNP
R	597	R		CGA	597	3		CGT	1.25011444e-01	rsxC	1791	electron transport complex subunit RsxC	>		rsxC			BW25113_RS08525		BW25113_RS08525		snp_synonymous		25	1	A		1702966	1702966	1702966	144	1	T					NZ_CP009273		synonymous	-1	S14_dinB_WT@End_Second	11		SNP
R	629	R		CGA	629	3		CGT	1.95083618e-01	rsxC	1887	electron transport complex subunit RsxC	>		rsxC			BW25113_RS08525		BW25113_RS08525		snp_synonymous		32	1	A		1703062	1703062	1703062	122	1	T					NZ_CP009273		synonymous	-1	S14_dinB_WT@End_Second	11		SNP
R	661	R		CGC	661	3		CGA	7.11107254e-02	rsxC	1983	electron transport complex subunit RsxC	>		rsxC			BW25113_RS08525		BW25113_RS08525		snp_synonymous		18	1	C		1703158	1703158	1703158	201	1	A					NZ_CP009273		synonymous	-1	S14_dinB_WT@End_Second	11		SNP
A	281	A		GCA	281	3		GCC	8.61630440e-02	hisC	843	histidinol-phosphate transaminase	>		hisC			BW25113_RS10560		BW25113_RS10560		snp_synonymous		15	1	A		2086721	2086721	2086721	159	1	C					NZ_CP009273		synonymous	-1	S14_dinB_WT@End_Second	11		SNP
G	206	V		GGT	206	2		GTT	5.36918640e-02	mdtA	617	multidrug efflux RND transporter subunit MdtA	>		mdtA			BW25113_RS10830		BW25113_RS10830		snp_nonsynonymous		15	1	G		2148113	2148113	2148113	215	1	T					NZ_CP009273		nonsynonymous	-1	S14_dinB_WT@End_Second	11		SNP
									1.24770164e-01	gatY/fbaB	intergenic (-30/+278)	tagatose-bisphosphate aldolase subunit GatY/class I fructose-bisphosphate aldolase	</<			gatY		BW25113_RS10935/BW25113_RS10940			BW25113_RS10935	snp_intergenic		17	1	A		2170713	2170713	2170713	101	1	C					NZ_CP009273		intergenic	-1	S14_dinB_WT@End_Second			SNP
									1.64797783e-01	gatY/fbaB	intergenic (-41/+267)	tagatose-bisphosphate aldolase subunit GatY/class I fructose-bisphosphate aldolase	</<			gatY		BW25113_RS10935/BW25113_RS10940			BW25113_RS10935	snp_intergenic		22	1	T		2170724	2170724	2170724	97	1	G					NZ_CP009273		intergenic	-1	S14_dinB_WT@End_Second			SNP
N	31	K		AAC	31	3		AAA	6.03780746e-02	dld	93	D-lactate dehydrogenase	>		dld			BW25113_RS11130		BW25113_RS11130		snp_nonsynonymous		15	1	C		2215756	2215756	2215756	188	1	A					NZ_CP009273		nonsynonymous	-1	S14_dinB_WT@End_Second	11		SNP
G	91	C		GGT	91	1		TGT	6.40792847e-02	ada	271	bifunctional DNA-binding transcriptional regulator/O6-methylguanine-DNA methyltransferase Ada	<		ada			BW25113_RS11550		BW25113_RS11550		snp_nonsynonymous		12	1	C		2303614	2303614	2303614	150	1	A					NZ_CP009273		nonsynonymous	-1	S14_dinB_WT@End_Second	11		SNP
*	278	Q		TAG	278	1		CAG	6.21608257e-01	lrhA	832	transcriptional regulator LrhA	<		lrhA			BW25113_RS11955		BW25113_RS11955		snp_nonsense		123	1	A		2399289	2399289	2399289	75	1	G					NZ_CP009273		nonsense	-1	S14_dinB_WT@End_Second	11		SNP
V	176	F		GTT	176	1		TTT	5.52916527e-02	yrbG	526	calcium/sodium antiporter	>		yrbG			BW25113_RS16565		BW25113_RS16565		snp_nonsynonymous		12	1	G		3334159	3334159	3334159	174	1	T					NZ_CP009273		nonsynonymous	-1	S14_dinB_WT@End_Second	11		SNP
R	25	G		AGG	25	1		GGG	1.20063305e-01	trkH	73	Trk system potassium transporter TrkH	>		trkH			BW25113_RS19970		BW25113_RS19970		snp_nonsynonymous		20	1	A		4026577	4026577	4026577	146	1	G					NZ_CP009273		nonsynonymous	-1	S14_dinB_WT@End_Second	11		SNP
									3.34469795e-01	fimE/fimA	intergenic (+52/-430)	type 1 fimbria switch DNA invertase FimE/type 1 fimbrial major subunit FimA	>/>			fimA		BW25113_RS22435/BW25113_RS22445			BW25113_RS22445	snp_intergenic		176	1	T		4532502	4532502	4532502	353	1	G					NZ_CP009273		intergenic	-1	S14_dinB_WT@End_Second			SNP
									6.59605026e-01	fimC/fimD	intergenic (+42/-25)	type 1 fimbria chaperone FimC/fimbrial usher FimD	>/>			fimD		BW25113_RS22455/BW25113_RS22460			BW25113_RS22460	snp_intergenic		159	1	A		4534888	4534888	4534888	82	1	C					NZ_CP009273		intergenic	-1	S14_dinB_WT@End_Second			SNP
									1.59143448e-01	fimC/fimD	intergenic (+57/-10)	type 1 fimbria chaperone FimC/fimbrial usher FimD	>/>			fimD		BW25113_RS22455/BW25113_RS22460			BW25113_RS22460	snp_intergenic		42	1	A		4534903	4534903	4534903	218	1	C					NZ_CP009273		intergenic	-1	S14_dinB_WT@End_Second			SNP
C	63	S		TGC	63	2		TCC	5.86185455e-02	BW25113_RS01095	188	hypothetical protein	<		BW25113_RS01095			BW25113_RS01095		BW25113_RS01095		snp_nonsynonymous		37	1	C		235036	235036	235036	482	1	G					NZ_CP009273		nonsynonymous	-1	S15_dinB_WT@End_Second	11		SNP
R	57	L		CGC	57	2		CTC	9.11083221e-02	paoD	170	molybdenum cofactor insertion chaperone PaoD	<		paoD			BW25113_RS01455		BW25113_RS01455		snp_nonsynonymous		35	1	C		294268	294268	294268	305	1	A					NZ_CP009273		nonsynonymous	-1	S15_dinB_WT@End_Second	11		SNP
									7.87801743e-02	ybfA/rhsC	intergenic (+32/-211)	YbfA family protein/rhs element protein RhsC	>/>			rhsC		BW25113_RS03620/BW25113_RS03625			BW25113_RS03625	snp_intergenic		17	1	C		724828	724828	724828	167	1	A					NZ_CP009273		intergenic	-1	S15_dinB_WT@End_Second			SNP
P	121	T		CCC	121	1		ACC	5.61394691e-02	ybgS	361	YbgS-like family protein	<		ybgS			BW25113_RS03905		BW25113_RS03905		snp_nonsynonymous		29	1	G		780413	780413	780413	394	1	T					NZ_CP009273		nonsynonymous	-1	S15_dinB_WT@End_Second	11		SNP
H	19	D		CAC	19	1		GAC	5.20272255e-02	mukF	55	chromosome partition protein MukF	>		mukF			BW25113_RS04780		BW25113_RS04780		snp_nonsynonymous		20	1	C		969829	969829	969829	305	1	G					NZ_CP009273		nonsynonymous	-1	S15_dinB_WT@End_Second	11		SNP
P	75	T		CCG	75	1		ACG	6.12463951e-02	ycbF	223	fimbrial chaperone	>		ycbF			BW25113_RS04895		BW25113_RS04895		snp_nonsynonymous		25	1	C		999598	999598	999598	315	1	A					NZ_CP009273		nonsynonymous	-1	S15_dinB_WT@End_Second	11		SNP
G	401	G		GGG	401	3		GGT	5.06544113e-02	efeB	1203	iron uptake transporter deferrochelatase/peroxidase subunit	>		efeB			BW25113_RS05305		BW25113_RS05305		snp_synonymous		29	1	G		1080034	1080034	1080034	452	1	T					NZ_CP009273		synonymous	-1	S15_dinB_WT@End_Second	11		SNP
N	63	K		AAC	63	3		AAA	5.12380600e-02	narH	189	nitrate reductase subunit beta	>		narH			BW25113_RS06395		BW25113_RS06395		snp_nonsynonymous		26	1	C		1279248	1279248	1279248	371	1	A					NZ_CP009273		nonsynonymous	-1	S15_dinB_WT@End_Second	11		SNP
									5.06401062e-02	BW25113_RS07350	pseudogene (1194/2526 nt)	autotransporter domain-containing protein	>		BW25113_RS07350			BW25113_RS07350		BW25113_RS07350		snp_pseudogene		25	1	A		1460842	1460842	1460842	338	1	T					NZ_CP009273		pseudogene	-1	S15_dinB_WT@End_Second			SNP
G	772	V		GGT	772	2		GTT	5.03821373e-02	dosP	2315	oxygen-sensing cyclic-di-GMP phosphodiesterase	<		dosP			BW25113_RS07805		BW25113_RS07805		snp_nonsynonymous		22	1	C		1557676	1557676	1557676	331	1	A					NZ_CP009273		nonsynonymous	-1	S15_dinB_WT@End_Second	11		SNP
G	290	G		GGG	290	3		GGT	6.24217987e-02	ydeE	870	efflux MFS transporter YdeE	>		ydeE			BW25113_RS08040		BW25113_RS08040		snp_synonymous		28	1	G		1616458	1616458	1616458	352	1	T					NZ_CP009273		synonymous	-1	S15_dinB_WT@End_Second	11		SNP
R	42	R		CGG	42	3		CGT	6.44593239e-02	rsxC	126	electron transport complex subunit RsxC	>		rsxC			BW25113_RS08525		BW25113_RS08525		snp_synonymous		26	1	G		1701301	1701301	1701301	315	1	T					NZ_CP009273		synonymous	-1	S15_dinB_WT@End_Second	11		SNP
R	597	R		CGA	597	3		CGT	1.05427265e-01	rsxC	1791	electron transport complex subunit RsxC	>		rsxC			BW25113_RS08525		BW25113_RS08525		snp_synonymous		53	1	A		1702966	1702966	1702966	381	1	T					NZ_CP009273		synonymous	-1	S15_dinB_WT@End_Second	11		SNP
R	629	R		CGA	629	3		CGT	1.41677856e-01	rsxC	1887	electron transport complex subunit RsxC	>		rsxC			BW25113_RS08525		BW25113_RS08525		snp_synonymous		58	1	A		1703062	1703062	1703062	317	1	T					NZ_CP009273		synonymous	-1	S15_dinB_WT@End_Second	11		SNP
A	632	A		GCT	632	3		GCA	7.98001289e-02	rsxC	1896	electron transport complex subunit RsxC	>		rsxC			BW25113_RS08525		BW25113_RS08525		snp_synonymous		41	1	T		1703071	1703071	1703071	340	1	A					NZ_CP009273		synonymous	-1	S15_dinB_WT@End_Second	11		SNP
D	643	E		GAC	643	3		GAG	6.33940697e-02	rsxC	1929	electron transport complex subunit RsxC	>		rsxC			BW25113_RS08525		BW25113_RS08525		snp_nonsynonymous		29	1	C		1703104	1703104	1703104	347	1	G					NZ_CP009273		nonsynonymous	-1	S15_dinB_WT@End_Second	11		SNP
R	661	R		CGC	661	3		CGA	5.53207397e-02	rsxC	1983	electron transport complex subunit RsxC	>		rsxC			BW25113_RS08525		BW25113_RS08525		snp_synonymous		28	1	C		1703158	1703158	1703158	388	1	A					NZ_CP009273		synonymous	-1	S15_dinB_WT@End_Second	11		SNP
N	666	K		AAT	666	3		AAA	9.81998444e-02	rsxC	1998	electron transport complex subunit RsxC	>		rsxC			BW25113_RS08525		BW25113_RS08525		snp_nonsynonymous		48	1	T		1703173	1703173	1703173	333	1	A					NZ_CP009273		nonsynonymous	-1	S15_dinB_WT@End_Second	11		SNP
Q	671	P		CAG	671	2		CCG	6.79559708e-02	rsxC	2012	electron transport complex subunit RsxC	>		rsxC			BW25113_RS08525		BW25113_RS08525		snp_nonsynonymous		32	1	A		1703187	1703187	1703187	368	1	C					NZ_CP009273		nonsynonymous	-1	S15_dinB_WT@End_Second	11		SNP
P	202	H		CCC	202	2		CAC	6.16202354e-02	pheS	605	phenylalanine--tRNA ligase subunit alpha	<		pheS			BW25113_RS08970		BW25113_RS08970		snp_nonsynonymous		17	1	G		1792595	1792595	1792595	224	1	T					NZ_CP009273		nonsynonymous	-1	S15_dinB_WT@End_Second	11		SNP
									1.00258827e-01	gatY/fbaB	intergenic (-30/+278)	tagatose-bisphosphate aldolase subunit GatY/class I fructose-bisphosphate aldolase	</<			gatY		BW25113_RS10935/BW25113_RS10940			BW25113_RS10935	snp_intergenic		24	1	A		2170713	2170713	2170713	218	1	C					NZ_CP009273		intergenic	-1	S15_dinB_WT@End_Second			SNP
									1.10128880e-01	gatY/fbaB	intergenic (-41/+267)	tagatose-bisphosphate aldolase subunit GatY/class I fructose-bisphosphate aldolase	</<			gatY		BW25113_RS10935/BW25113_RS10940			BW25113_RS10935	snp_intergenic		33	1	T		2170724	2170724	2170724	226	1	G					NZ_CP009273		intergenic	-1	S15_dinB_WT@End_Second			SNP
G	78	G		GGG	78	3		GGT	7.23676682e-02	yehL	234	MoxR family ATPase	>		yehL			BW25113_RS11055		BW25113_RS11055		snp_synonymous		29	1	G		2198308	2198308	2198308	322	1	T					NZ_CP009273		synonymous	-1	S15_dinB_WT@End_Second	11		SNP
									1.48029804e-01	eco/mqo	intergenic (+295/+420)	serine protease inhibitor ecotin/malate dehydrogenase (quinone)	>/<			mqo		BW25113_RS11530/BW25113_RS11535			BW25113_RS11535	snp_intergenic		28	1	C		2298167	2298167	2298167	151	1	A					NZ_CP009273		intergenic	-1	S15_dinB_WT@End_Second			SNP
N	7	K		AAC	7	3		AAA	5.58433533e-02	pbpC	21	peptidoglycan glycosyltransferase PbpC	<		pbpC			BW25113_RS13140		BW25113_RS13140		snp_nonsynonymous		27	1	G		2640664	2640664	2640664	375	1	T					NZ_CP009273		nonsynonymous	-1	S15_dinB_WT@End_Second	11		SNP
A	474	D		GCC	474	2		GAC	5.11879921e-02	relA	1421	GTP pyrophosphokinase	<		relA			BW25113_RS14480		BW25113_RS14480		snp_nonsynonymous		18	1	G		2905590	2905590	2905590	280	1	T					NZ_CP009273		nonsynonymous	-1	S15_dinB_WT@End_Second	11		SNP
V	176	F		GTT	176	1		TTT	5.25145531e-02	yrbG	526	calcium/sodium antiporter	>		yrbG			BW25113_RS16565		BW25113_RS16565		snp_nonsynonymous		20	1	G		3334159	3334159	3334159	316	1	T					NZ_CP009273		nonsynonymous	-1	S15_dinB_WT@End_Second	11		SNP
K	37	N		AAA	37	3		AAT	5.13586998e-02	BW25113_RS16940	111	membrane protein	>		BW25113_RS16940			BW25113_RS16940		BW25113_RS16940		snp_nonsynonymous		15	1	A		3411859	3411859	3411859	195	1	T					NZ_CP009273		nonsynonymous	-1	S15_dinB_WT@End_Second	11		SNP
K	444	Q		AAA	444	1		CAA	5.95669746e-02	gspA	1330	type II secretion system protein GspA	<		gspA			BW25113_RS17225		BW25113_RS17225		snp_nonsynonymous		30	1	T		3447428	3447428	3447428	352	1	G					NZ_CP009273		nonsynonymous	-1	S15_dinB_WT@End_Second	11		SNP
V	417	F		GTT	417	1		TTT	1.05751038e-01	yheS	1249	ABC transporter ATP-binding protein	>		yheS			BW25113_RS17375		BW25113_RS17375		snp_nonsynonymous		24	1	G		3475896	3475896	3475896	181	1	T					NZ_CP009273		nonsynonymous	-1	S15_dinB_WT@End_Second	11		SNP
N	48	K		AAC	48	3		AAA	6.71281815e-02	ppiA	144	peptidylprolyl isomerase A	<		ppiA			BW25113_RS17435		BW25113_RS17435		snp_nonsynonymous		29	1	G		3485513	3485513	3485513	344	1	T					NZ_CP009273		nonsynonymous	-1	S15_dinB_WT@End_Second	11		SNP
G	267	W		GGG	267	1		TGG	1.35287762e-01	igaA	799	intracellular growth attenuator protein IgaA	>		igaA			BW25113_RS17605		BW25113_RS17605		snp_nonsynonymous		66	1	G		3520626	3520626	3520626	388	1	T					NZ_CP009273		nonsynonymous	-1	S15_dinB_WT@End_Second	11		SNP
H	628	Q		CAC	628	3		CAA	5.20176888e-02	hmsP	1884	biofilm formation regulator HmsP	<		hmsP			BW25113_RS18295		BW25113_RS18295		snp_nonsynonymous		24	1	G		3677095	3677095	3677095	360	1	T					NZ_CP009273		nonsynonymous	-1	S15_dinB_WT@End_Second	11		SNP
G	125	V		GGT	125	2		GTT	5.21612167e-02	yidP	374	GntR family transcriptional regulator	>		yidP			BW25113_RS19150		BW25113_RS19150		snp_nonsynonymous		17	1	G		3857632	3857632	3857632	262	1	T					NZ_CP009273		nonsynonymous	-1	S15_dinB_WT@End_Second	11		SNP
V	629	F		GTT	629	1		TTT	6.85939789e-02	rep	1885	DNA helicase Rep	>		rep			BW25113_RS19615		BW25113_RS19615		snp_nonsynonymous		32	1	G		3955921	3955921	3955921	367	1	T					NZ_CP009273		nonsynonymous	-1	S15_dinB_WT@End_Second	11		SNP
									8.48899364e-01	fimC/fimD	intergenic (+42/-25)	type 1 fimbria chaperone FimC/fimbrial usher FimD	>/>			fimD		BW25113_RS22455/BW25113_RS22460			BW25113_RS22460	snp_intergenic		460	1	T		4534888	4534888	4534888	82	1	C					NZ_CP009273		intergenic	-1	S15_dinB_WT@End_Second			SNP
C	87	G		TGC	87	1		GGC	1.04569435e-01	fimH	259	type 1 fimbria D-mannose specific adhesin FimH	>		fimH			BW25113_RS22475		BW25113_RS22475		snp_nonsynonymous		36	1	T		4538883	4538883	4538883	307	1	G					NZ_CP009273		nonsynonymous	-1	S15_dinB_WT@End_Second	11		SNP
									6.09207153e-02	prfH	pseudogene (286/522 nt)	peptide chain release factor H	>		prfH			BW25113_RS01195		BW25113_RS01195		snp_pseudogene		12	1	C		250453	250453	250453	158	1	A					NZ_CP009273		pseudogene	-1	S16_katE_WT@Start_Second			SNP
									7.59724566e-02	dxs	coding (938/1863 nt)	1-deoxy-D-xylulose-5-phosphate synthase	<	dxs			1	BW25113_RS02175	BW25113_RS02175			small_indel		14	1	TCGGCAAACCGCCGCTACTTT		434696	434696	434696	355	2	T	21	2	1	TCGGCAAACCGCCGCTACTTT	NZ_CP009273			-1	S16_katE_WT@Start_Second			INS
G	151	G		GGG	151	3		GGT	7.71818161e-02	nagD	453	ribonucleotide monophosphatase NagD	<		nagD			BW25113_RS03480		BW25113_RS03480		snp_synonymous		14	1	C		695330	695330	695330	147	1	A					NZ_CP009273		synonymous	-1	S16_katE_WT@Start_Second	11		SNP
G	30	G		GGG	30	3		GGT	6.58960342e-02	BW25113_RS05970	90	hypothetical protein	>		BW25113_RS05970			BW25113_RS05970		BW25113_RS05970		snp_synonymous		14	1	G		1201094	1201094	1201094	165	1	T					NZ_CP009273		synonymous	-1	S16_katE_WT@Start_Second	11		SNP
R	597	R		CGA	597	3		CGT	9.31739807e-02	rsxC	1791	electron transport complex subunit RsxC	>		rsxC			BW25113_RS08525		BW25113_RS08525		snp_synonymous		22	1	A		1702966	1702966	1702966	188	1	T					NZ_CP009273		synonymous	-1	S16_katE_WT@Start_Second	11		SNP
R	629	R		CGA	629	3		CGT	1.37513161e-01	rsxC	1887	electron transport complex subunit RsxC	>		rsxC			BW25113_RS08525		BW25113_RS08525		snp_synonymous		29	1	A		1703062	1703062	1703062	161	1	T					NZ_CP009273		synonymous	-1	S16_katE_WT@Start_Second	11		SNP
R	661	R		CGC	661	3		CGA	7.45081902e-02	rsxC	1983	electron transport complex subunit RsxC	>		rsxC			BW25113_RS08525		BW25113_RS08525		snp_synonymous		19	1	C		1703158	1703158	1703158	199	1	A					NZ_CP009273		synonymous	-1	S16_katE_WT@Start_Second	11		SNP
Q	671	P		CAG	671	2		CCG	7.25474358e-02	rsxC	2012	electron transport complex subunit RsxC	>		rsxC			BW25113_RS08525		BW25113_RS08525		snp_nonsynonymous		18	1	A		1703187	1703187	1703187	207	1	C					NZ_CP009273		nonsynonymous	-1	S16_katE_WT@Start_Second	11		SNP
V	560	L		GTG	560	1		TTG	5.33614159e-02	mdtC	1678	multidrug efflux RND transporter permease subunit MdtC	>		mdtC			BW25113_RS10840		BW25113_RS10840		snp_nonsynonymous		14	1	G		2153544	2153544	2153544	197	1	T					NZ_CP009273		nonsynonymous	-1	S16_katE_WT@Start_Second	11		SNP
									1.04410172e-01	gatY/fbaB	intergenic (-30/+278)	tagatose-bisphosphate aldolase subunit GatY/class I fructose-bisphosphate aldolase	</<			gatY		BW25113_RS10935/BW25113_RS10940			BW25113_RS10935	snp_intergenic		16	1	A		2170713	2170713	2170713	116	1	C					NZ_CP009273		intergenic	-1	S16_katE_WT@Start_Second			SNP
									1.12103939e-01	gatY/fbaB	intergenic (-41/+267)	tagatose-bisphosphate aldolase subunit GatY/class I fructose-bisphosphate aldolase	</<			gatY		BW25113_RS10935/BW25113_RS10940			BW25113_RS10935	snp_intergenic		16	1	T		2170724	2170724	2170724	113	1	G					NZ_CP009273		intergenic	-1	S16_katE_WT@Start_Second			SNP
N	108	K		AAC	108	3		AAA	8.84008408e-02	rodZ	324	cytoskeleton protein RodZ	<		rodZ			BW25113_RS13125		BW25113_RS13125		snp_nonsynonymous		14	1	G		2635880	2635880	2635880	128	1	T					NZ_CP009273		nonsynonymous	-1	S16_katE_WT@Start_Second	11		SNP
G	45	V		GGT	45	2		GTT	8.42995644e-02	BW25113_RS22550	134	nucleoside recognition pore and gate family inner membrane transporter	<		BW25113_RS22550			BW25113_RS22550		BW25113_RS22550		snp_nonsynonymous		18	1	C		4550364	4550364	4550364	167	1	A					NZ_CP009273		nonsynonymous	-1	S16_katE_WT@Start_Second	11		SNP
G	214	V		GGG	214	2		GTG	7.53026009e-02	nhaA	641	Na+/H+ antiporter NhaA	>		nhaA			BW25113_RS00090		BW25113_RS00090		snp_nonsynonymous		13	1	G		18129	18129	18129	141	1	T					NZ_CP009273		nonsynonymous	-1	S17_katE_WT@End_Second	11		SNP
V	229	A		GTG	229	2		GCG	1.71987057e-01	ftsI	686	peptidoglycan glycosyltransferase FtsI	>		ftsI			BW25113_RS00420		BW25113_RS00420		snp_nonsynonymous		62	1	T		88585	88585	88585	298	1	C					NZ_CP009273		nonsynonymous	-1	S17_katE_WT@End_Second	11		SNP
N	68	H		AAT	68	1		CAT	9.28692818e-02	BW25113_RS01095	202	hypothetical protein	<		BW25113_RS01095			BW25113_RS01095		BW25113_RS01095		snp_nonsynonymous		40	1	T		235022	235022	235022	325	1	G					NZ_CP009273		nonsynonymous	-1	S17_katE_WT@End_Second	11		SNP
R	57	L		CGC	57	2		CTC	1.23622894e-01	paoD	170	molybdenum cofactor insertion chaperone PaoD	<		paoD			BW25113_RS01455		BW25113_RS01455		snp_nonsynonymous		40	1	C		294268	294268	294268	255	1	A					NZ_CP009273		nonsynonymous	-1	S17_katE_WT@End_Second	11		SNP
L	202	S		TTG	202	2		TCG	1.61563396e-01	lon	605	endopeptidase La	>		lon			BW25113_RS02275		BW25113_RS02275		snp_nonsynonymous		84	1	T		454948	454948	454948	436	1	C					NZ_CP009273		nonsynonymous	-1	S17_katE_WT@End_Second	11		SNP
G	151	G		GGG	151	3		GGT	5.20911217e-02	nagD	453	ribonucleotide monophosphatase NagD	<		nagD			BW25113_RS03480		BW25113_RS03480		snp_synonymous		19	1	C		695330	695330	695330	274	1	A					NZ_CP009273		synonymous	-1	S17_katE_WT@End_Second	11		SNP
V	117	L		GTA	117	1		TTA	6.26153946e-02	opgE	349	phosphoethanolamine transferase	<		opgE			BW25113_RS04235		BW25113_RS04235		snp_nonsynonymous		24	1	C		847705	847705	847705	300	1	A					NZ_CP009273		nonsynonymous	-1	S17_katE_WT@End_Second	11		SNP
V	248	I		GTC	248	1		ATC	1.69662952e-01	moeA	742	molybdopterin molybdotransferase MoeA	<		moeA			BW25113_RS04295		BW25113_RS04295		snp_nonsynonymous		62	1	C		861079	861079	861079	303	1	T					NZ_CP009273		nonsynonymous	-1	S17_katE_WT@End_Second	11		SNP
N	121	K		AAC	121	3		AAA	5.96985817e-02	ltaE	363	low-specificity L-threonine aldolase	<		ltaE			BW25113_RS04515		BW25113_RS04515		snp_nonsynonymous		27	1	G		904388	904388	904388	348	1	T					NZ_CP009273		nonsynonymous	-1	S17_katE_WT@End_Second	11		SNP
V	139	F		GTT	139	1		TTT	6.17666245e-02	gloC	415	hydroxyacylglutathione hydrolase GloC	>		gloC			BW25113_RS04805		BW25113_RS04805		snp_nonsynonymous		23	1	G		979520	979520	979520	288	1	T					NZ_CP009273		nonsynonymous	-1	S17_katE_WT@End_Second	11		SNP
L|*	77|4	*|E		TTA|TAA	77|4	2|1		TGA|GAA	5.25512695e-02	ymcE|gnsA	230|10	protein YmcE|addiction module toxin, GnsA/GnsB family	>|>	gnsA	ymcE			BW25113_RS05150|BW25113_RS05155	BW25113_RS05155	BW25113_RS05150		snp_nonsynonymous|nonsense		26	1	T		1047532	1047532	1047532	368	1	G					NZ_CP009273		nonsynonymous|nonsense	-1	S17_katE_WT@End_Second	11|11		SNP
									1.23291016e-01	putP/BW25113_RS05295	intergenic (+97/-446)	sodium/proline symporter PutP/FTR1 family protein	>/>			BW25113_RS05295		BW25113_RS05285/BW25113_RS05295			BW25113_RS05295	snp_intergenic		17	1	C		1076366	1076366	1076366	109	1	A					NZ_CP009273		intergenic	-1	S17_katE_WT@End_Second			SNP
G	401	G		GGG	401	3		GGT	6.44016266e-02	efeB	1203	iron uptake transporter deferrochelatase/peroxidase subunit	>		efeB			BW25113_RS05305		BW25113_RS05305		snp_synonymous		33	1	G		1080034	1080034	1080034	400	1	T					NZ_CP009273		synonymous	-1	S17_katE_WT@End_Second	11		SNP
R	190	L		CGG	190	2		CTG	7.00860023e-02	minC	569	septum site-determining protein MinC	<		minC			BW25113_RS06120		BW25113_RS06120		snp_nonsynonymous		29	1	C		1220968	1220968	1220968	380	1	A					NZ_CP009273		nonsynonymous	-1	S17_katE_WT@End_Second	11		SNP
									5.97543716e-02	BW25113_RS23085/BW25113_RS23090	intergenic (-25/+22)	RtT sRNA/RtT sRNA	</<			BW25113_RS23085		BW25113_RS23085/BW25113_RS23090			BW25113_RS23085	snp_intergenic		20	1	T		1282322	1282322	1282322	279	1	A					NZ_CP009273		intergenic	-1	S17_katE_WT@End_Second			SNP
R	42	R		CGG	42	3		CGT	6.98246956e-02	rsxC	126	electron transport complex subunit RsxC	>		rsxC			BW25113_RS08525		BW25113_RS08525		snp_synonymous		23	1	G		1701301	1701301	1701301	262	1	T					NZ_CP009273		synonymous	-1	S17_katE_WT@End_Second	11		SNP
R	597	R		CGA	597	3		CGT	9.77692604e-02	rsxC	1791	electron transport complex subunit RsxC	>		rsxC			BW25113_RS08525		BW25113_RS08525		snp_synonymous		43	1	A		1702966	1702966	1702966	340	1	T					NZ_CP009273		synonymous	-1	S17_katE_WT@End_Second	11		SNP
R	629	R		CGA	629	3		CGT	1.12980366e-01	rsxC	1887	electron transport complex subunit RsxC	>		rsxC			BW25113_RS08525		BW25113_RS08525		snp_synonymous		40	1	A		1703062	1703062	1703062	273	1	T					NZ_CP009273		synonymous	-1	S17_katE_WT@End_Second	11		SNP
R	661	R		CGC	661	3		CGA	6.62817955e-02	rsxC	1983	electron transport complex subunit RsxC	>		rsxC			BW25113_RS08525		BW25113_RS08525		snp_synonymous		29	1	C		1703158	1703158	1703158	338	1	A					NZ_CP009273		synonymous	-1	S17_katE_WT@End_Second	11		SNP
Q	671	P		CAG	671	2		CCG	6.39023781e-02	rsxC	2012	electron transport complex subunit RsxC	>		rsxC			BW25113_RS08525		BW25113_RS08525		snp_nonsynonymous		27	1	A		1703187	1703187	1703187	347	1	C					NZ_CP009273		nonsynonymous	-1	S17_katE_WT@End_Second	11		SNP
									1.45231724e-01	ydhQ/BW25113_RS08715	intergenic (-56/-252)	AIDA repeat-containing protein/tRNA-Val	</>			ydhQ		BW25113_RS08710/BW25113_RS08715			BW25113_RS08710	snp_intergenic		58	1	G		1740440	1740440	1740440	341	1	A					NZ_CP009273		intergenic	-1	S17_katE_WT@End_Second			SNP
*	399	W		TGA	399	3		TGG	1.41215801e-01	ynjC	1197	ABC transporter permease subunit	>	ynjC				BW25113_RS09180	BW25113_RS09180			snp_nonsense		61	1	A		1832665	1832665	1832665	370	1	G					NZ_CP009273		nonsense	-1	S17_katE_WT@End_Second	11		SNP
V	31	F		GTT	31	1		TTT	5.50742149e-02	ydjK	91	MFS transporter	<		ydjK			BW25113_RS09290		BW25113_RS09290		snp_nonsynonymous		15	1	C		1854396	1854396	1854396	222	1	A					NZ_CP009273		nonsynonymous	-1	S17_katE_WT@End_Second	11		SNP
P	127	T		CCC	127	1		ACC	9.78612900e-02	yeeJ	379	inverse autotransporter adhesin YeeJ	>		yeeJ			BW25113_RS10335		BW25113_RS10335		snp_nonsynonymous		36	1	C		2038797	2038797	2038797	294	1	A					NZ_CP009273		nonsynonymous	-1	S17_katE_WT@End_Second	11		SNP
									7.96017647e-02	gatY/fbaB	intergenic (-30/+278)	tagatose-bisphosphate aldolase subunit GatY/class I fructose-bisphosphate aldolase	</<			gatY		BW25113_RS10935/BW25113_RS10940			BW25113_RS10935	snp_intergenic		22	1	A		2170713	2170713	2170713	212	1	C					NZ_CP009273		intergenic	-1	S17_katE_WT@End_Second			SNP
									8.31470490e-02	gatY/fbaB	intergenic (-41/+267)	tagatose-bisphosphate aldolase subunit GatY/class I fructose-bisphosphate aldolase	</<			gatY		BW25113_RS10935/BW25113_RS10940			BW25113_RS10935	snp_intergenic		23	1	T		2170724	2170724	2170724	206	1	G					NZ_CP009273		intergenic	-1	S17_katE_WT@End_Second			SNP
G	78	G		GGG	78	3		GGT	6.18710518e-02	yehL	234	MoxR family ATPase	>		yehL			BW25113_RS11055		BW25113_RS11055		snp_synonymous		23	1	G		2198308	2198308	2198308	284	1	T					NZ_CP009273		synonymous	-1	S17_katE_WT@End_Second	11		SNP
									6.54430389e-02	rihB/yeiL	intergenic (-37/-93)	ribosylpyrimidine nucleosidase/transcriptional regulator YeiL	</>			rihB		BW25113_RS11285/BW25113_RS11290			BW25113_RS11285	snp_intergenic		32	1	A		2248702	2248702	2248702	350	1	C					NZ_CP009273		intergenic	-1	S17_katE_WT@End_Second			SNP
									9.80181694e-02	eco/mqo	intergenic (+295/+420)	serine protease inhibitor ecotin/malate dehydrogenase (quinone)	>/<			mqo		BW25113_RS11530/BW25113_RS11535			BW25113_RS11535	snp_intergenic		16	1	C		2298167	2298167	2298167	130	1	A					NZ_CP009273		intergenic	-1	S17_katE_WT@End_Second			SNP
G	230	A		GGT	230	2		GCT	5.42650223e-02	rcsD	689	phosphotransferase RcsD	>		rcsD			BW25113_RS11575		BW25113_RS11575		snp_nonsynonymous		18	1	G		2307655	2307655	2307655	271	1	C					NZ_CP009273		nonsynonymous	-1	S17_katE_WT@End_Second	11		SNP
									1.02927685e-01	smrB/yfcO	intergenic (+37/+34)	endonuclease SmrB/fimbrial adhesin YfcO	>/<			yfcO		BW25113_RS12170/BW25113_RS12175			BW25113_RS12175	snp_intergenic		9	1	C		2442673	2442673	2442673	70	1	A					NZ_CP009273		intergenic	-1	S17_katE_WT@End_Second			SNP
									1.16831303e-01	smrB/yfcO	intergenic (+52/+19)	endonuclease SmrB/fimbrial adhesin YfcO	>/<			yfcO		BW25113_RS12170/BW25113_RS12175			BW25113_RS12175	snp_intergenic		13	1	G		2442688	2442688	2442688	88	1	T					NZ_CP009273		intergenic	-1	S17_katE_WT@End_Second			SNP
									1.84782982e-01	ypfJ/purC	intergenic (-85/+83)	neutral zinc metallopeptidase/phosphoribosylaminoimidazolesuccinocarboxamide synthase	</<			ypfJ		BW25113_RS12910/BW25113_RS12915			BW25113_RS12910	snp_intergenic		63	1	A		2590181	2590181	2590181	278	1	G					NZ_CP009273		intergenic	-1	S17_katE_WT@End_Second			SNP
E	209	*		GAA	209	1		TAA	9.23790932e-02	yfjJ	625	inovirus Gp2 family protein	>		yfjJ			BW25113_RS13700		BW25113_RS13700		snp_nonsynonymous		41	1	G		2754530	2754530	2754530	365	1	T					NZ_CP009273		nonsynonymous	-1	S17_katE_WT@End_Second	11		SNP
V	232	L		GTG	232	1		TTG	5.75337410e-02	hycC	694	formate hydrogenlyase subunit 3	<		hycC			BW25113_RS14170		BW25113_RS14170		snp_nonsynonymous		22	1	C		2841907	2841907	2841907	304	1	A					NZ_CP009273		nonsynonymous	-1	S17_katE_WT@End_Second	11		SNP
L	54	H		CTT	54	2		CAT	5.89237213e-02	fucA	161	L-fuculose-phosphate aldolase	<		fucA			BW25113_RS14565		BW25113_RS14565		snp_nonsynonymous		27	1	A		2926887	2926887	2926887	353	1	T					NZ_CP009273		nonsynonymous	-1	S17_katE_WT@End_Second	11		SNP
K	48	Q		AAA	48	1		CAA	5.71961403e-02	ygiB	142	DUF1190 family protein	>		ygiB			BW25113_RS15760		BW25113_RS15760		snp_nonsynonymous		21	1	A		3173244	3173244	3173244	290	1	C					NZ_CP009273		nonsynonymous	-1	S17_katE_WT@End_Second	11		SNP
V	176	F		GTT	176	1		TTT	6.00857735e-02	yrbG	526	calcium/sodium antiporter	>		yrbG			BW25113_RS16565		BW25113_RS16565		snp_nonsynonymous		23	1	G		3334159	3334159	3334159	311	1	T					NZ_CP009273		nonsynonymous	-1	S17_katE_WT@End_Second	11		SNP
V	132	V		GTT	132	3		GTC	5.15460968e-02	lptA	396	lipopolysaccharide ABC transporter substrate-binding protein LptA	>		lptA			BW25113_RS16585		BW25113_RS16585		snp_synonymous		26	1	T		3337134	3337134	3337134	476	1	C					NZ_CP009273		synonymous	-1	S17_katE_WT@End_Second	11		SNP
									5.15599251e-02	rplM/zapE	intergenic (-197/+22)	50S ribosomal protein L13/cell division protein ZapE	</<					BW25113_RS16750/BW25113_RS16755				snp_intergenic		24	1	G		3372207	3372207	3372207	333	1	T					NZ_CP009273		intergenic	-1	S17_katE_WT@End_Second			SNP
D	19	E		GAC	19	3		GAA	5.11326790e-02	yhfU	57	DUF2620 domain-containing protein	<		yhfU			BW25113_RS17505		BW25113_RS17505		snp_nonsynonymous		26	1	G		3501004	3501004	3501004	381	1	T					NZ_CP009273		nonsynonymous	-1	S17_katE_WT@End_Second	11		SNP
R	63	R		CGG	63	3		CGT	5.57913780e-02	glpG	189	rhomboid family intramembrane serine protease GlpG	<		glpG			BW25113_RS17735		BW25113_RS17735		snp_synonymous		24	1	C		3554624	3554624	3554624	327	1	A					NZ_CP009273		synonymous	-1	S17_katE_WT@End_Second	11		SNP
									5.02724648e-02	orn/BW25113_RS21635	intergenic (+53/-158)	oligoribonuclease/tRNA-Gly	>/>			BW25113_RS21635		BW25113_RS21630/BW25113_RS21635			BW25113_RS21635	snp_intergenic		25	1	T		4382019	4382019	4382019	376	1	G					NZ_CP009273		intergenic	-1	S17_katE_WT@End_Second			SNP
									1.34780407e-01	fimC/fimD	intergenic (+41/-26)	type 1 fimbria chaperone FimC/fimbrial usher FimD	>/>			fimD		BW25113_RS22455/BW25113_RS22460			BW25113_RS22460	snp_intergenic		74	1	T		4534887	4534887	4534887	474	1	C					NZ_CP009273		intergenic	-1	S17_katE_WT@End_Second			SNP
									7.05490112e-01	fimC/fimD	intergenic (+42/-25)	type 1 fimbria chaperone FimC/fimbrial usher FimD	>/>			fimD		BW25113_RS22455/BW25113_RS22460			BW25113_RS22460	snp_intergenic		369	1	A		4534888	4534888	4534888	157	1	C					NZ_CP009273		intergenic	-1	S17_katE_WT@End_Second			SNP
T	159	K		ACA	159	2		AAA	5.78322411e-02	intF	476	integrase family protein	<		intF			BW25113_RS01440		BW25113_RS01440		snp_nonsynonymous		15	1	G		292332	292332	292332	204	1	T					NZ_CP009273		nonsynonymous	-1	S18_katE_WT@End_Second	11		SNP
R	57	L		CGC	57	2		CTC	1.28059387e-01	paoD	170	molybdenum cofactor insertion chaperone PaoD	<		paoD			BW25113_RS01455		BW25113_RS01455		snp_nonsynonymous		23	1	C		294268	294268	294268	143	1	A					NZ_CP009273		nonsynonymous	-1	S18_katE_WT@End_Second	11		SNP
G	232	G		GGC	232	3		GGA	6.59651756e-02	rutA	696	pyrimidine utilization protein A	<		rutA			BW25113_RS05265		BW25113_RS05265		snp_synonymous		16	1	G		1068715	1068715	1068715	191	1	T					NZ_CP009273		synonymous	-1	S18_katE_WT@End_Second	11		SNP
									1.04198933e-01	putP/BW25113_RS05295	intergenic (+97/-446)	sodium/proline symporter PutP/FTR1 family protein	>/>			BW25113_RS05295		BW25113_RS05285/BW25113_RS05295			BW25113_RS05295	snp_intergenic		9	1	C		1076366	1076366	1076366	71	1	A					NZ_CP009273		intergenic	-1	S18_katE_WT@End_Second			SNP
G	401	G		GGG	401	3		GGT	6.24918938e-02	efeB	1203	iron uptake transporter deferrochelatase/peroxidase subunit	>		efeB			BW25113_RS05305		BW25113_RS05305		snp_synonymous		20	1	G		1080034	1080034	1080034	267	1	T					NZ_CP009273		synonymous	-1	S18_katE_WT@End_Second	11		SNP
									5.77101707e-02	BW25113_RS07350	pseudogene (1248/2526 nt)	autotransporter domain-containing protein	>		BW25113_RS07350			BW25113_RS07350		BW25113_RS07350		snp_pseudogene		17	1	T		1460896	1460896	1460896	273	1	C					NZ_CP009273		pseudogene	-1	S18_katE_WT@End_Second			SNP
R	597	R		CGA	597	3		CGT	1.23858452e-01	rsxC	1791	electron transport complex subunit RsxC	>		rsxC			BW25113_RS08525		BW25113_RS08525		snp_synonymous		30	1	A		1702966	1702966	1702966	190	1	T					NZ_CP009273		synonymous	-1	S18_katE_WT@End_Second	11		SNP
R	629	R		CGA	629	3		CGT	1.64675236e-01	rsxC	1887	electron transport complex subunit RsxC	>		rsxC			BW25113_RS08525		BW25113_RS08525		snp_synonymous		37	1	A		1703062	1703062	1703062	184	1	T					NZ_CP009273		synonymous	-1	S18_katE_WT@End_Second	11		SNP
R	661	R		CGC	661	3		CGA	7.56797791e-02	rsxC	1983	electron transport complex subunit RsxC	>		rsxC			BW25113_RS08525		BW25113_RS08525		snp_synonymous		24	1	C		1703158	1703158	1703158	248	1	A					NZ_CP009273		synonymous	-1	S18_katE_WT@End_Second	11		SNP
Q	671	P		CAG	671	2		CCG	9.35316086e-02	rsxC	2012	electron transport complex subunit RsxC	>		rsxC			BW25113_RS08525		BW25113_RS08525		snp_nonsynonymous		28	1	A		1703187	1703187	1703187	246	1	C					NZ_CP009273		nonsynonymous	-1	S18_katE_WT@End_Second	11		SNP
T	287	N		ACC	287	2		AAC	6.64267540e-02	pykF	860	pyruvate kinase PykF	>		pykF			BW25113_RS08770		BW25113_RS08770		snp_nonsynonymous		15	1	C		1750814	1750814	1750814	177	1	A					NZ_CP009273		nonsynonymous	-1	S18_katE_WT@End_Second	11		SNP
									5.30900955e-02	fadK/ppsA	intergenic (+38/+19)	medium-chain fatty-acid--CoA ligase/phosphoenolpyruvate synthase	>/<			ppsA		BW25113_RS08900/BW25113_RS08905			BW25113_RS08905	snp_intergenic		14	1	C		1778972	1778972	1778972	209	1	A					NZ_CP009273		intergenic	-1	S18_katE_WT@End_Second			SNP
R	56	R		CGG	56	3		CGT	5.55467606e-02	tcyL	168	cystine ABC transporter permease	<		tcyL			BW25113_RS10040		BW25113_RS10040		snp_synonymous		13	1	C		1991793	1991793	1991793	182	1	A					NZ_CP009273		synonymous	-1	S18_katE_WT@End_Second	11		SNP
									9.59758759e-02	gatY/fbaB	intergenic (-30/+278)	tagatose-bisphosphate aldolase subunit GatY/class I fructose-bisphosphate aldolase	</<			gatY		BW25113_RS10935/BW25113_RS10940			BW25113_RS10935	snp_intergenic		14	1	A		2170713	2170713	2170713	124	1	C					NZ_CP009273		intergenic	-1	S18_katE_WT@End_Second			SNP
									1.14058971e-01	gatY/fbaB	intergenic (-41/+267)	tagatose-bisphosphate aldolase subunit GatY/class I fructose-bisphosphate aldolase	</<			gatY		BW25113_RS10935/BW25113_RS10940			BW25113_RS10935	snp_intergenic		19	1	T		2170724	2170724	2170724	122	1	G					NZ_CP009273		intergenic	-1	S18_katE_WT@End_Second			SNP
G	78	G		GGG	78	3		GGT	6.17818832e-02	yehL	234	MoxR family ATPase	>		yehL			BW25113_RS11055		BW25113_RS11055		snp_synonymous		16	1	G		2198308	2198308	2198308	195	1	T					NZ_CP009273		synonymous	-1	S18_katE_WT@End_Second	11		SNP
									5.89213371e-02	eco/mqo	intergenic (+144/+571)	serine protease inhibitor ecotin/malate dehydrogenase (quinone)	>/<			mqo		BW25113_RS11530/BW25113_RS11535			BW25113_RS11535	snp_intergenic		14	1	G		2298016	2298016	2298016	215	1	A					NZ_CP009273		intergenic	-1	S18_katE_WT@End_Second			SNP
									7.57002831e-02	rnpB	noncoding (114/377 nt)	RNase P RNA component class A	<		rnpB			BW25113_RS23140		BW25113_RS23140		snp_noncoding		13	1	G		3263838	3263838	3263838	139	1	T					NZ_CP009273		noncoding	-1	S18_katE_WT@End_Second			SNP
R	25	G		AGG	25	1		GGG	1.49531841e-01	trkH	73	Trk system potassium transporter TrkH	>		trkH			BW25113_RS19970		BW25113_RS19970		snp_nonsynonymous		35	1	A		4026577	4026577	4026577	199	1	G					NZ_CP009273		nonsynonymous	-1	S18_katE_WT@End_Second	11		SNP
G	130	V		GGG	130	2		GTG	9.32626724e-02	nfi	389	deoxyribonuclease V	>		nfi			BW25113_RS20745		BW25113_RS20745		snp_nonsynonymous		18	1	G		4189106	4189106	4189106	150	1	T					NZ_CP009273		nonsynonymous	-1	S18_katE_WT@End_Second	11		SNP
									2.42067337e-01	espX5/actP	intergenic (-153/+25)	T3SS effector pentapeptide repeat protein EspX5/cation/acetate symporter ActP	</<					BW25113_RS21115/BW25113_RS21120				snp_intergenic		18	1	G		4273156	4273156	4273156	57	1	T					NZ_CP009273		intergenic	-1	S18_katE_WT@End_Second			SNP
									3.30054283e-01	fimC/fimD	intergenic (+41/-26)	type 1 fimbria chaperone FimC/fimbrial usher FimD	>/>			fimD		BW25113_RS22455/BW25113_RS22460			BW25113_RS22460	snp_intergenic		117	1	A		4534887	4534887	4534887	236	1	C					NZ_CP009273		intergenic	-1	S18_katE_WT@End_Second			SNP
									2.84726620e-01	fimC/fimD	intergenic (+57/-10)	type 1 fimbria chaperone FimC/fimbrial usher FimD	>/>			fimD		BW25113_RS22455/BW25113_RS22460			BW25113_RS22460	snp_intergenic		103	1	A		4534903	4534903	4534903	257	1	C					NZ_CP009273		intergenic	-1	S18_katE_WT@End_Second			SNP
									7.97777176e-02	hsdR	pseudogene (98/3513 nt)	type I restriction-modification system endonuclease	<		hsdR			BW25113_RS22645		BW25113_RS22645		snp_pseudogene		20	1	G		4576481	4576481	4576481	203	1	T					NZ_CP009273		pseudogene	-1	S18_katE_WT@End_Second			SNP
									5.48110008e-02	ylcI/nohD	intergenic (-291/-98)	YlcI/YnfO family protein/DNA-packaging protein	</>					BW25113_RS02890/BW25113_RS02900				snp_intergenic		18	1	A		576192	576192	576192	268	1	T					NZ_CP009273		intergenic	-1	S19_dinB_WT@Start_First			SNP
E	170	G		GAG	170	2		GGG	1	fhuE	509	ferric-rhodotorulic acid/ferric-coprogen receptor FhuE	<		fhuE			BW25113_RS05735		BW25113_RS05735		snp_nonsynonymous		287	1	T		1156499	1156499	1156499	0	1	C					NZ_CP009273		nonsynonymous	-1	S19_dinB_WT@Start_First	11		SNP
									5.22308350e-02	BW25113_RS07350	pseudogene (1171/2526 nt)	autotransporter domain-containing protein	>		BW25113_RS07350			BW25113_RS07350		BW25113_RS07350		snp_pseudogene		17	1	C		1460819	1460819	1460819	299	1	G					NZ_CP009273		pseudogene	-1	S19_dinB_WT@Start_First			SNP
									5.41691780e-02	BW25113_RS07350	pseudogene (1248/2526 nt)	autotransporter domain-containing protein	>		BW25113_RS07350			BW25113_RS07350		BW25113_RS07350		snp_pseudogene		18	1	T		1460896	1460896	1460896	309	1	C					NZ_CP009273		pseudogene	-1	S19_dinB_WT@Start_First			SNP
R	42	R		CGG	42	3		CGT	5.65514565e-02	rsxC	126	electron transport complex subunit RsxC	>		rsxC			BW25113_RS08525		BW25113_RS08525		snp_synonymous		15	1	G		1701301	1701301	1701301	227	1	T					NZ_CP009273		synonymous	-1	S19_dinB_WT@Start_First	11		SNP
R	597	R		CGA	597	3		CGT	1.11646175e-01	rsxC	1791	electron transport complex subunit RsxC	>		rsxC			BW25113_RS08525		BW25113_RS08525		snp_synonymous		38	1	A		1702966	1702966	1702966	253	1	T					NZ_CP009273		synonymous	-1	S19_dinB_WT@Start_First	11		SNP
V	616	V		GTA	616	3		GTC	8.60424042e-02	rsxC	1848	electron transport complex subunit RsxC	>		rsxC			BW25113_RS08525		BW25113_RS08525		snp_synonymous		27	1	A		1703023	1703023	1703023	233	1	C					NZ_CP009273		synonymous	-1	S19_dinB_WT@Start_First	11		SNP
A	621	A		GCG	621	3		GCC	6.00323677e-02	rsxC	1863	electron transport complex subunit RsxC	>		rsxC			BW25113_RS08525		BW25113_RS08525		snp_synonymous		15	1	G		1703038	1703038	1703038	228	1	C					NZ_CP009273		synonymous	-1	S19_dinB_WT@Start_First	11		SNP
R	629	R		CGA	629	3		CGT	2.11424351e-01	rsxC	1887	electron transport complex subunit RsxC	>		rsxC			BW25113_RS08525		BW25113_RS08525		snp_synonymous		49	1	A		1703062	1703062	1703062	177	1	T					NZ_CP009273		synonymous	-1	S19_dinB_WT@Start_First	11		SNP
R	661	R		CGC	661	3		CGA	6.91189766e-02	rsxC	1983	electron transport complex subunit RsxC	>		rsxC			BW25113_RS08525		BW25113_RS08525		snp_synonymous		22	1	C		1703158	1703158	1703158	268	1	A					NZ_CP009273		synonymous	-1	S19_dinB_WT@Start_First	11		SNP
Q	671	P		CAG	671	2		CCG	1.02984905e-01	rsxC	2012	electron transport complex subunit RsxC	>		rsxC			BW25113_RS08525		BW25113_RS08525		snp_nonsynonymous		34	1	A		1703187	1703187	1703187	267	1	C					NZ_CP009273		nonsynonymous	-1	S19_dinB_WT@Start_First	11		SNP
									1.17431641e-01	gatY/fbaB	intergenic (-41/+267)	tagatose-bisphosphate aldolase subunit GatY/class I fructose-bisphosphate aldolase	</<			gatY		BW25113_RS10935/BW25113_RS10940			BW25113_RS10935	snp_intergenic		33	1	T		2170724	2170724	2170724	226	1	G					NZ_CP009273		intergenic	-1	S19_dinB_WT@Start_First			SNP
G	78	G		GGG	78	3		GGT	5.70693016e-02	yehL	234	MoxR family ATPase	>		yehL			BW25113_RS11055		BW25113_RS11055		snp_synonymous		20	1	G		2198308	2198308	2198308	297	1	T					NZ_CP009273		synonymous	-1	S19_dinB_WT@Start_First	11		SNP
K	433	Q		AAA	433	1		CAA	1.17054462e-01	BW25113_RS12270	1297	hypothetical protein	>		BW25113_RS12270			BW25113_RS12270		BW25113_RS12270		snp_nonsynonymous		25	1	A		2463906	2463906	2463906	167	1	C					NZ_CP009273		nonsynonymous	-1	S19_dinB_WT@Start_First	11		SNP
N	108	K		AAC	108	3		AAA	6.06021881e-02	rodZ	324	cytoskeleton protein RodZ	<		rodZ			BW25113_RS13125		BW25113_RS13125		snp_nonsynonymous		20	1	G		2635880	2635880	2635880	280	1	T					NZ_CP009273		nonsynonymous	-1	S19_dinB_WT@Start_First	11		SNP
									7.21026917e-02	ftsA	coding (460/1263 nt)	cell division protein FtsA	>	ftsA			1	BW25113_RS00470	BW25113_RS00470			small_indel		27	1	TGCGGA		100928	100928	100928	703	2	A	6	2	1	TGCGGA	NZ_CP009273			-1	S20_dinB_WT@End_First			INS
									9.70783234e-02	bolA/tig	intergenic (+84/-260)	transcriptional regulator BolA/trigger factor	>/>			tig		BW25113_RS02250/BW25113_RS02260			BW25113_RS02260	snp_intergenic		23	1	G		450329	450329	450329	213	1	C					NZ_CP009273		intergenic	-1	S20_dinB_WT@End_First			SNP
									5.75041771e-02	bolA/tig	intergenic (+88/-256)	transcriptional regulator BolA/trigger factor	>/>			tig		BW25113_RS02250/BW25113_RS02260			BW25113_RS02260	snp_intergenic		16	1	T		450333	450333	450333	229	1	A					NZ_CP009273		intergenic	-1	S20_dinB_WT@End_First			SNP
E	170	G		GAG	170	2		GGG	1	fhuE	509	ferric-rhodotorulic acid/ferric-coprogen receptor FhuE	<		fhuE			BW25113_RS05735		BW25113_RS05735		snp_nonsynonymous		309	1	T		1156499	1156499	1156499	0	1	C					NZ_CP009273		nonsynonymous	-1	S20_dinB_WT@End_First	11		SNP
K	236	Q		AAA	236	1		CAA	2.63268471e-01	sapD	706	peptide ABC transporter ATP-binding protein SapD	<		sapD			BW25113_RS06765		BW25113_RS06765		snp_nonsynonymous		107	1	T		1347180	1347180	1347180	298	1	G					NZ_CP009273		nonsynonymous	-1	S20_dinB_WT@End_First	11		SNP
S	235	G		AGT	235	1		GGT	1.19815350e-01	sapD	703	peptide ABC transporter ATP-binding protein SapD	<		sapD			BW25113_RS06765		BW25113_RS06765		snp_nonsynonymous		49	1	T		1347183	1347183	1347183	359	1	C					NZ_CP009273		nonsynonymous	-1	S20_dinB_WT@End_First	11		SNP
									5.69043159e-02	BW25113_RS07350	pseudogene (1041/2526 nt)	autotransporter domain-containing protein	>		BW25113_RS07350			BW25113_RS07350		BW25113_RS07350		snp_pseudogene		30	1	T		1460689	1460689	1460689	333	1	A					NZ_CP009273		pseudogene	-1	S20_dinB_WT@End_First			SNP
									6.04062080e-02	BW25113_RS07350	pseudogene (1320/2526 nt)	autotransporter domain-containing protein	>		BW25113_RS07350			BW25113_RS07350		BW25113_RS07350		snp_pseudogene		26	1	A		1460968	1460968	1460968	329	1	T					NZ_CP009273		pseudogene	-1	S20_dinB_WT@End_First			SNP
R	597	R		CGA	597	3		CGT	6.02746010e-02	rsxC	1791	electron transport complex subunit RsxC	>		rsxC			BW25113_RS08525		BW25113_RS08525		snp_synonymous		25	1	A		1702966	1702966	1702966	289	1	T					NZ_CP009273		synonymous	-1	S20_dinB_WT@End_First	11		SNP
R	629	R		CGA	629	3		CGT	1.35157108e-01	rsxC	1887	electron transport complex subunit RsxC	>		rsxC			BW25113_RS08525		BW25113_RS08525		snp_synonymous		42	1	A		1703062	1703062	1703062	254	1	T					NZ_CP009273		synonymous	-1	S20_dinB_WT@End_First	11		SNP
R	661	R		CGC	661	3		CGA	7.29975700e-02	rsxC	1983	electron transport complex subunit RsxC	>		rsxC			BW25113_RS08525		BW25113_RS08525		snp_synonymous		30	1	C		1703158	1703158	1703158	342	1	A					NZ_CP009273		synonymous	-1	S20_dinB_WT@End_First	11		SNP
									7.83519745e-02	gatY/fbaB	intergenic (-30/+278)	tagatose-bisphosphate aldolase subunit GatY/class I fructose-bisphosphate aldolase	</<			gatY		BW25113_RS10935/BW25113_RS10940			BW25113_RS10935	snp_intergenic		26	1	A		2170713	2170713	2170713	234	1	C					NZ_CP009273		intergenic	-1	S20_dinB_WT@End_First			SNP
									8.62154961e-02	gatY/fbaB	intergenic (-41/+267)	tagatose-bisphosphate aldolase subunit GatY/class I fructose-bisphosphate aldolase	</<			gatY		BW25113_RS10935/BW25113_RS10940			BW25113_RS10935	snp_intergenic		26	1	T		2170724	2170724	2170724	240	1	G					NZ_CP009273		intergenic	-1	S20_dinB_WT@End_First			SNP
G	78	G		GGG	78	3		GGT	5.88369370e-02	yehL	234	MoxR family ATPase	>		yehL			BW25113_RS11055		BW25113_RS11055		snp_synonymous		20	1	G		2198308	2198308	2198308	287	1	T					NZ_CP009273		synonymous	-1	S20_dinB_WT@End_First	11		SNP
K	433	Q		AAA	433	1		CAA	1.56979561e-01	BW25113_RS12270	1297	hypothetical protein	>		BW25113_RS12270			BW25113_RS12270		BW25113_RS12270		snp_nonsynonymous		27	1	A		2463906	2463906	2463906	128	1	C					NZ_CP009273		nonsynonymous	-1	S20_dinB_WT@End_First	11		SNP
C	75	F		TGT	75	2		TTT	6.51488304e-02	yfeZ	224	DUF2919 domain-containing protein	<		yfeZ			BW25113_RS12690		BW25113_RS12690		snp_nonsynonymous		21	1	C		2544862	2544862	2544862	276	1	A					NZ_CP009273		nonsynonymous	-1	S20_dinB_WT@End_First	11		SNP
R	25	G		AGG	25	1		GGG	1.05424881e-01	trkH	73	Trk system potassium transporter TrkH	>		trkH			BW25113_RS19970		BW25113_RS19970		snp_nonsynonymous		34	1	A		4026577	4026577	4026577	288	1	G					NZ_CP009273		nonsynonymous	-1	S20_dinB_WT@End_First	11		SNP
									6.90641403e-02	espX5/actP	intergenic (-153/+25)	T3SS effector pentapeptide repeat protein EspX5/cation/acetate symporter ActP	</<					BW25113_RS21115/BW25113_RS21120				snp_intergenic		13	1	G		4273156	4273156	4273156	160	1	T					NZ_CP009273		intergenic	-1	S20_dinB_WT@End_First			SNP
									3.61497402e-01	fimC/fimD	intergenic (+42/-25)	type 1 fimbria chaperone FimC/fimbrial usher FimD	>/>			fimD		BW25113_RS22455/BW25113_RS22460			BW25113_RS22460	snp_intergenic		145	1	T		4534888	4534888	4534888	256	1	C					NZ_CP009273		intergenic	-1	S20_dinB_WT@End_First			SNP
									5.46064377e-02	BW25113_RS22750	noncoding (84/87 nt)	tRNA-Leu	<		BW25113_RS22750			BW25113_RS22750		BW25113_RS22750		snp_noncoding		10	1	G		4596020	4596020	4596020	154	1	T					NZ_CP009273		noncoding	-1	S20_dinB_WT@End_First			SNP
E	170	G		GAG	170	2		GGG	1	fhuE	509	ferric-rhodotorulic acid/ferric-coprogen receptor FhuE	<		fhuE			BW25113_RS05735		BW25113_RS05735		snp_nonsynonymous		258	1	T		1156499	1156499	1156499	0	1	C					NZ_CP009273		nonsynonymous	-1	S21_dinB_AMO_First	11		SNP
									6.37931824e-02	BW25113_RS07350	pseudogene (945/2526 nt)	autotransporter domain-containing protein	>		BW25113_RS07350			BW25113_RS07350		BW25113_RS07350		snp_pseudogene		16	1	G		1460593	1460593	1460593	222	1	C					NZ_CP009273		pseudogene	-1	S21_dinB_AMO_First			SNP
									8.54182243e-02	BW25113_RS07350	pseudogene (1194/2526 nt)	autotransporter domain-containing protein	>		BW25113_RS07350			BW25113_RS07350		BW25113_RS07350		snp_pseudogene		23	1	A		1460842	1460842	1460842	223	1	T					NZ_CP009273		pseudogene	-1	S21_dinB_AMO_First			SNP
R	597	R		CGA	597	3		CGT	9.94544029e-02	rsxC	1791	electron transport complex subunit RsxC	>		rsxC			BW25113_RS08525		BW25113_RS08525		snp_synonymous		34	1	A		1702966	1702966	1702966	240	1	T					NZ_CP009273		synonymous	-1	S21_dinB_AMO_First	11		SNP
R	629	R		CGA	629	3		CGT	1.46831512e-01	rsxC	1887	electron transport complex subunit RsxC	>		rsxC			BW25113_RS08525		BW25113_RS08525		snp_synonymous		42	1	A		1703062	1703062	1703062	212	1	T					NZ_CP009273		synonymous	-1	S21_dinB_AMO_First	11		SNP
R	661	R		CGC	661	3		CGA	7.29832649e-02	rsxC	1983	electron transport complex subunit RsxC	>		rsxC			BW25113_RS08525		BW25113_RS08525		snp_synonymous		25	1	C		1703158	1703158	1703158	284	1	A					NZ_CP009273		synonymous	-1	S21_dinB_AMO_First	11		SNP
									7.84907341e-02	gatY/fbaB	intergenic (-30/+278)	tagatose-bisphosphate aldolase subunit GatY/class I fructose-bisphosphate aldolase	</<			gatY		BW25113_RS10935/BW25113_RS10940			BW25113_RS10935	snp_intergenic		26	1	A		2170713	2170713	2170713	242	1	C					NZ_CP009273		intergenic	-1	S21_dinB_AMO_First			SNP
									6.67090416e-02	gatY/fbaB	intergenic (-41/+267)	tagatose-bisphosphate aldolase subunit GatY/class I fructose-bisphosphate aldolase	</<			gatY		BW25113_RS10935/BW25113_RS10940			BW25113_RS10935	snp_intergenic		21	1	T		2170724	2170724	2170724	247	1	G					NZ_CP009273		intergenic	-1	S21_dinB_AMO_First			SNP
									7.85856247e-02	eco/mqo	intergenic (+295/+420)	serine protease inhibitor ecotin/malate dehydrogenase (quinone)	>/<			mqo		BW25113_RS11530/BW25113_RS11535			BW25113_RS11535	snp_intergenic		13	1	C		2298167	2298167	2298167	152	1	A					NZ_CP009273		intergenic	-1	S21_dinB_AMO_First			SNP
K	433	Q		AAA	433	1		CAA	9.25555229e-02	BW25113_RS12270	1297	hypothetical protein	>		BW25113_RS12270			BW25113_RS12270		BW25113_RS12270		snp_nonsynonymous		27	1	A		2463906	2463906	2463906	215	1	C					NZ_CP009273		nonsynonymous	-1	S21_dinB_AMO_First	11		SNP
V	445	D		GTT	445	2		GAT	1	rpoD	1334	RNA polymerase sigma factor RpoD	>		rpoD			BW25113_RS15930		BW25113_RS15930		snp_nonsynonymous		297	1	T		3207739	3207739	3207739	0	1	A					NZ_CP009273		nonsynonymous	-1	S21_dinB_AMO_First	11		SNP
									1	prlF	coding (263/336 nt)	type II toxin-antitoxin system antitoxin PrlF	>	prlF			1	BW25113_RS16225	BW25113_RS16225			small_indel		317	1	CATTCAA		3270623	3270623	3270623	33	2	A	7	2	1	CATTCAA	NZ_CP009273			-1	S21_dinB_AMO_First			INS
A	273	E		GCA	273	2		GAA	1	rpoA	818	DNA-directed RNA polymerase subunit alpha	<		rpoA			BW25113_RS17085		BW25113_RS17085		snp_nonsynonymous		349	1	G		3433571	3433571	3433571	0	1	T					NZ_CP009273		nonsynonymous	-1	S21_dinB_AMO_First	11		SNP
H	12	Q		CAC	12	3		CAA	8.68082047e-02	xanP	36	xanthine/proton symporter XanP	>		xanP			BW25113_RS18970		BW25113_RS18970		snp_nonsynonymous		18	1	C		3822340	3822340	3822340	175	1	A					NZ_CP009273		nonsynonymous	-1	S21_dinB_AMO_First	11		SNP
									9.42296982e-02	espX5/actP	intergenic (-153/+25)	T3SS effector pentapeptide repeat protein EspX5/cation/acetate symporter ActP	</<					BW25113_RS21115/BW25113_RS21120				snp_intergenic		14	1	G		4273156	4273156	4273156	140	1	T					NZ_CP009273		intergenic	-1	S21_dinB_AMO_First			SNP
									1	ampC/frdD	intergenic (-39/+24)	BlaEC family class C beta-lactamase/fumarate reductase subunit FrdD	</<			ampC		BW25113_RS21570/BW25113_RS21575			BW25113_RS21570	snp_intergenic		1634	1	T		4368800	4368800	4368800	7	1	G					NZ_CP009273		intergenic	-1	S21_dinB_AMO_First			SNP
									6.68487549e-02	yaaX/yaaA	intergenic (+33/+120)	DUF2502 domain-containing protein/peroxide stress protein YaaA	>/<			yaaA		BW25113_RS00030/BW25113_RS00035			BW25113_RS00035	snp_intergenic		25	1	A		5563	5563	5563	348	1	G					NZ_CP009273		intergenic	-1	S22_dinB_AMO_Second			SNP
Q	16	R		CAG	16	2		CGG	1	araD	47	L-ribulose-5-phosphate 4-epimerase	<		araD			BW25113_RS00310		BW25113_RS00310		snp_nonsynonymous		117	1	T		66528	66528	66528	0	1	C					NZ_CP009273		nonsynonymous	-1	S22_dinB_AMO_Second	11		SNP
									1	araD/araC	intergenic (-202/-98)	L-ribulose-5-phosphate 4-epimerase/arabinose operon transcriptional regulator AraC	</>					BW25113_RS00310/BW25113_RS00315				snp_intergenic		290	1	G		66776	66776	66776	2	1	T					NZ_CP009273		intergenic	-1	S22_dinB_AMO_Second			SNP
A	331	V		GCG	331	2		GTG	1	lacI	992	DNA-binding transcriptional repressor LacI	<		lacI			BW25113_RS01775		BW25113_RS01775		snp_nonsynonymous		111	1	G		360752	360752	360752	0	1	A					NZ_CP009273		nonsynonymous	-1	S22_dinB_AMO_Second	11		SNP
N	20	K		AAC	20	3		AAA	5.60159683e-02	yaiL	60	DUF2058 domain-containing protein	>		yaiL			BW25113_RS01830		BW25113_RS01830		snp_nonsynonymous		9	1	C		372287	372287	372287	125	1	A					NZ_CP009273		nonsynonymous	-1	S22_dinB_AMO_Second	11		SNP
									1	ybaL/fsr	intergenic (-191/+47)	Kef family K(+) transporter/fosmidomycin MFS transporter	</<					BW25113_RS02470/BW25113_RS02475				snp_intergenic		263	1	C		498885	498885	498885	0	1	T					NZ_CP009273		intergenic	-1	S22_dinB_AMO_Second			SNP
A	193	P		GCG	193	1		CCG	6.61702156e-02	ylbF	577	DUF2877 domain-containing protein	>		ylbF			BW25113_RS02670		BW25113_RS02670		snp_nonsynonymous		13	1	G		545659	545659	545659	160	1	C					NZ_CP009273		nonsynonymous	-1	S22_dinB_AMO_Second	11		SNP
R	375	H		CGC	375	2		CAC	4.76210117e-01	mrdA	1124	peptidoglycan DD-transpeptidase MrdA	<		mrdA			BW25113_RS03300		BW25113_RS03300		snp_nonsynonymous		120	1	C		662550	662550	662550	132	1	T					NZ_CP009273		nonsynonymous	-1	S22_dinB_AMO_Second	11		SNP
L	357	S		TTG	357	2		TCG	1	nagE	1070	PTS N-acetyl glucosamine transporter subunit IIABC	>		nagE			BW25113_RS03500		BW25113_RS03500		snp_nonsynonymous		221	1	T		700469	700469	700469	0	1	C					NZ_CP009273		nonsynonymous	-1	S22_dinB_AMO_Second	11		SNP
G	401	G		GGG	401	3		GGT	8.52189064e-02	efeB	1203	iron uptake transporter deferrochelatase/peroxidase subunit	>		efeB			BW25113_RS05305		BW25113_RS05305		snp_synonymous		28	1	G		1080034	1080034	1080034	262	1	T					NZ_CP009273		synonymous	-1	S22_dinB_AMO_Second	11		SNP
									1	[rssB][galU]		[rssB],[galU]		galU	rssB			[BW25113_RS06440][BW25113_RS06445]	BW25113_RS06445	BW25113_RS06440		large_deletion		139	1			1286616	1287514	1286616	0	2	899-bp					NZ_CP009273	899		-1	S22_dinB_AMO_Second			DEL
S	522	G		AGC	522	1		GGC	1	acnA	1564	aconitate hydratase AcnA	>		acnA			BW25113_RS06675		BW25113_RS06675		snp_nonsynonymous		143	1	A		1331651	1331651	1331651	0	1	G					NZ_CP009273		nonsynonymous	-1	S22_dinB_AMO_Second	11		SNP
									1	ydcI/ydcJ	intergenic (-88/-129)	LysR substrate-binding domain-containing protein/VOC family protein	</>			ydcI		BW25113_RS07460/BW25113_RS07465			BW25113_RS07460	small_indel		152	1			1489416	1489416	1489416	0	1	A					NZ_CP009273	1		-1	S22_dinB_AMO_Second			DEL
G	290	G		GGG	290	3		GGT	8.85272026e-02	ydeE	870	efflux MFS transporter YdeE	>		ydeE			BW25113_RS08040		BW25113_RS08040		snp_synonymous		11	1	G		1616458	1616458	1616458	101	1	T					NZ_CP009273		synonymous	-1	S22_dinB_AMO_Second	11		SNP
S	74	C		AGC	74	1		TGC	1.02790833e-01	rrrQ	220	lysozyme	<		rrrQ			BW25113_RS08150		BW25113_RS08150		snp_nonsynonymous		12	1	T		1634095	1634095	1634095	116	1	A					NZ_CP009273		nonsynonymous	-1	S22_dinB_AMO_Second	11		SNP
									1	BW25113_RS25635	pseudogene (781/1158 nt)	tyrosine-type recombinase/integrase	>		BW25113_RS25635			BW25113_RS25635		BW25113_RS25635		snp_pseudogene		183	1	T		1646588	1646588	1646588	0	1	C					NZ_CP009273		pseudogene	-1	S22_dinB_AMO_Second			SNP
R	597	R		CGA	597	3		CGT	1.23906612e-01	rsxC	1791	electron transport complex subunit RsxC	>		rsxC			BW25113_RS08525		BW25113_RS08525		snp_synonymous		20	1	A		1702966	1702966	1702966	131	1	T					NZ_CP009273		synonymous	-1	S22_dinB_AMO_Second	11		SNP
A	632	A		GCT	632	3		GCA	1.14926338e-01	rsxC	1896	electron transport complex subunit RsxC	>		rsxC			BW25113_RS08525		BW25113_RS08525		snp_synonymous		18	1	T		1703071	1703071	1703071	114	1	A					NZ_CP009273		synonymous	-1	S22_dinB_AMO_Second	11		SNP
R	661	R		CGC	661	3		CGA	7.50589371e-02	rsxC	1983	electron transport complex subunit RsxC	>		rsxC			BW25113_RS08525		BW25113_RS08525		snp_synonymous		14	1	C		1703158	1703158	1703158	146	1	A					NZ_CP009273		synonymous	-1	S22_dinB_AMO_Second	11		SNP
R	67	R		CGC	67	3		CGA	1	hycG	201	formate hydrogenlyase subunit HycG	<		hycG			BW25113_RS14150		BW25113_RS14150		snp_synonymous		191	1	G		2837369	2837369	2837369	0	1	T					NZ_CP009273		synonymous	-1	S22_dinB_AMO_Second	11		SNP
V	232	L		GTG	232	1		TTG	6.13732338e-02	hycC	694	formate hydrogenlyase subunit 3	<		hycC			BW25113_RS14170		BW25113_RS14170		snp_nonsynonymous		10	1	C		2841907	2841907	2841907	131	1	A					NZ_CP009273		nonsynonymous	-1	S22_dinB_AMO_Second	11		SNP
									1	BW25113_RS15410	noncoding (56/76 nt)	tRNA-Phe	>		BW25113_RS15410			BW25113_RS15410		BW25113_RS15410		snp_noncoding		139	1	C		3103780	3103780	3103780	0	1	A					NZ_CP009273		noncoding	-1	S22_dinB_AMO_Second			SNP
V	445	D		GTT	445	2		GAT	6.52179718e-02	rpoD	1334	RNA polymerase sigma factor RpoD	>		rpoD			BW25113_RS15930		BW25113_RS15930		snp_nonsynonymous		11	1	T		3207739	3207739	3207739	146	1	A					NZ_CP009273		nonsynonymous	-1	S22_dinB_AMO_Second	11		SNP
									1	nanR/dcuC	intergenic (-236/-144)	transcriptional regulator NanR/anaerobic C4-dicarboxylate transporter DcuC	</>					BW25113_RS16725/BW25113_RS16730				snp_intergenic		423	1	A		3368084	3368084	3368084	0	1	C					NZ_CP009273		intergenic	-1	S22_dinB_AMO_Second			SNP
A	9	D		GCC	9	2		GAC	5.41629791e-02	crp	26	cAMP-activated global transcriptional regulator CRP	>		crp			BW25113_RS17405		BW25113_RS17405		snp_nonsynonymous		16	1	C		3479504	3479504	3479504	226	1	A					NZ_CP009273		nonsynonymous	-1	S22_dinB_AMO_Second	11		SNP
R	517	R		CGG	517	3		CGT	5.02505302e-02	rtcR	1551	DNA-binding transcriptional regulator RtcR	>		rtcR			BW25113_RS17725		BW25113_RS17725		snp_synonymous		15	1	G		3553177	3553177	3553177	223	1	T					NZ_CP009273		synonymous	-1	S22_dinB_AMO_Second	11		SNP
									1	rfaQ/waaA	intergenic (-138/-268)	lipopolysaccharide core heptosyltransferase RfaQ/lipid IV(A) 3-deoxy-D-manno-octulosonic acid transferase	</>			rfaQ		BW25113_RS18860/BW25113_RS18865			BW25113_RS18860	snp_intergenic		193	1	A		3801632	3801632	3801632	0	1	G					NZ_CP009273		intergenic	-1	S22_dinB_AMO_Second			SNP
									7.33197556e-01	fre/fadA	intergenic (+220/+140)	NAD(P)H-flavin reductase/acetyl-CoA C-acyltransferase FadA	>/<			fadA		BW25113_RS19945/BW25113_RS19950			BW25113_RS19950	large_substitution		15	1	AGGCCTACAACTATTGCCGACCTGTAGGCCTGATAAGGCACTTGTGCCGCATCCGGCAATCAATGCCTGATGCGACGCTGTCGCGTCTTATCAGGCCTACAACTGTTGCCGACCT		4020808	4020829	4020808	262	2	22-bp					NZ_CP009273	22		-1	S22_dinB_AMO_Second			SUB
									7.56957328e-01	fre/fadA	intergenic (+220/+140)	NAD(P)H-flavin reductase/acetyl-CoA C-acyltransferase FadA	>/<			fadA		BW25113_RS19945/BW25113_RS19950			BW25113_RS19950	large_substitution		17	1	AGGCCTACAACTGTTGCCGACCTGTAGGCCGGATAAGGCACTTGTGCCGCATCCGGCAATCAATGCCTGATGCGACGCTGTCGCGTCTTATCAGGCCTACAACTATTGCCGACCT		4020808	4020829	4020808	262	2	22-bp					NZ_CP009273	22		-1	S22_dinB_AMO_Second			SUB
									6.33373934e-01	fre/fadA	intergenic (+220/+142)	NAD(P)H-flavin reductase/acetyl-CoA C-acyltransferase FadA	>/<			fadA		BW25113_RS19945/BW25113_RS19950			BW25113_RS19950	large_substitution		13	1	AGGCCTACAACTATTGCCGACCTGTAGGCCGGATAAGGCACTTGTGCCGCATCCGGCAATCAATGCCTGATGCGACGCTGTCGCGTCTTATCAGGCCTACAACTGTTGCCGAC		4020808	4020827	4020808	258	2	GTGCCTACAAATAGTCCGAA					NZ_CP009273	20		-1	S22_dinB_AMO_Second			SUB
									5.02333641e-02	fre/fadA	intergenic (+258/+123)	NAD(P)H-flavin reductase/acetyl-CoA C-acyltransferase FadA	>/<			fadA		BW25113_RS19945/BW25113_RS19950			BW25113_RS19950	snp_intergenic		8	1	A		4020846	4020846	4020846	150	1	G					NZ_CP009273		intergenic	-1	S22_dinB_AMO_Second			SNP
									5.84702492e-02	fre/fadA	intergenic (+259/+122)	NAD(P)H-flavin reductase/acetyl-CoA C-acyltransferase FadA	>/<			fadA		BW25113_RS19945/BW25113_RS19950			BW25113_RS19950	snp_intergenic		9	1	C		4020847	4020847	4020847	144	1	T					NZ_CP009273		intergenic	-1	S22_dinB_AMO_Second			SNP
									5.08685112e-02	fre/fadA	intergenic (+262/+119)	NAD(P)H-flavin reductase/acetyl-CoA C-acyltransferase FadA	>/<			fadA		BW25113_RS19945/BW25113_RS19950			BW25113_RS19950	snp_intergenic		8	1	G		4020850	4020850	4020850	149	1	A					NZ_CP009273		intergenic	-1	S22_dinB_AMO_Second			SNP
									5.49201965e-02	fre/fadA	intergenic (+263/+118)	NAD(P)H-flavin reductase/acetyl-CoA C-acyltransferase FadA	>/<			fadA		BW25113_RS19945/BW25113_RS19950			BW25113_RS19950	snp_intergenic		8	1	T		4020851	4020851	4020851	138	1	C					NZ_CP009273		intergenic	-1	S22_dinB_AMO_Second			SNP
									1	rhaD	pseudogene (221/543 nt)	rhamnulose-1-phosphate aldolase	<		rhaD			BW25113_RS20255		BW25113_RS20255		snp_pseudogene		128	1	C		4087130	4087130	4087130	0	1	T					NZ_CP009273		pseudogene	-1	S22_dinB_AMO_Second			SNP
R	430	Q		CGG	430	2		CAG	9.16657448e-02	cpxA	1289	envelope stress sensor histidine kinase CpxA	<		cpxA			BW25113_RS20300		BW25113_RS20300		snp_nonsynonymous		20	1	C		4093615	4093615	4093615	198	1	T					NZ_CP009273		nonsynonymous	-1	S22_dinB_AMO_Second	11		SNP
Q	20	L		CAG	20	2		CTG	8.29426289e-01	cpxR	59	envelope stress response regulator transcription factor CpxR	<		cpxR			BW25113_RS20305		BW25113_RS20305		snp_nonsynonymous		147	1	T		4095540	4095540	4095540	31	1	A					NZ_CP009273		nonsynonymous	-1	S22_dinB_AMO_Second	11		SNP
G	43	V		GGC	43	2		GTC	1	fabR	128	HTH-type transcriptional repressor FabR	>		fabR			BW25113_RS20565		BW25113_RS20565		snp_nonsynonymous		173	1	G		4151176	4151176	4151176	1	1	T					NZ_CP009273		nonsynonymous	-1	S22_dinB_AMO_Second	11		SNP
A	162	G		GCA	162	2		GGA	1	btuB	485	TonB-dependent vitamin B12 receptor BtuB	>		btuB			BW25113_RS20580		BW25113_RS20580		snp_nonsynonymous		144	1	C		4154051	4154051	4154051	1	1	G					NZ_CP009273		nonsynonymous	-1	S22_dinB_AMO_Second	11		SNP
									1.85513496e-01	espX5/actP	intergenic (-153/+25)	T3SS effector pentapeptide repeat protein EspX5/cation/acetate symporter ActP	</<					BW25113_RS21115/BW25113_RS21120				snp_intergenic		19	1	G		4273156	4273156	4273156	84	1	T					NZ_CP009273		intergenic	-1	S22_dinB_AMO_Second			SNP
									1.94002102e-01	yjcH/acs	intergenic (-96/+90)	DUF485 domain-containing protein/acetate--CoA ligase	</<			yjcH		BW25113_RS21125/BW25113_RS21130			BW25113_RS21125	large_substitution		10	1	TGATAAGGCACTTGTGCCGCATCCGGCAATCAATGCCTGATGCGACGCTGTCGCGTCTTATCAGGCCTACAACTGTTGCCGACCTGTAGGCCGGATAAGGCACTTGT		4275237	4275251	4275237	767	2	GGATAAGGCGTTTAC					NZ_CP009273	15		-1	S22_dinB_AMO_Second			SUB
									1.45793257e-01	yjcH/acs	intergenic (-105/+90)	DUF485 domain-containing protein/acetate--CoA ligase	</<			yjcH		BW25113_RS21125/BW25113_RS21130			BW25113_RS21125	large_substitution		12	1	ACTTGTGCCGCATCCGGCAATCAATGCCTGATGCGACGCTGTCGCGTCTTATCAGGCCTACAACTATTGCCGACCTGTAGGCCGGATAAGGCACTTGT		4275246	4275251	4275246	767	2	GTTTAC					NZ_CP009273	6		-1	S22_dinB_AMO_Second			SUB
									1.80502021e-01	yjcH/acs	intergenic (-106/+90)	DUF485 domain-containing protein/acetate--CoA ligase	</<			yjcH		BW25113_RS21125/BW25113_RS21130			BW25113_RS21125	large_substitution		16	1	CTCGCGCCGCATCCGGCAATCAATGCCTGATGCGACGCTGTCGCGTCTTATCAGGCCTACAACTATTGCCGACCTGTAGGCCTGATAAGGCACTTGT		4275247	4275251	4275247	758	2	TTTAC					NZ_CP009273	5		-1	S22_dinB_AMO_Second			SUB
T	56	N		ACC	56	2		AAC	5.80463409e-02	nrfF	167	heme lyase NrfEFG subunit NrfF	>		nrfF			BW25113_RS21160		BW25113_RS21160		snp_nonsynonymous		18	1	C		4283257	4283257	4283257	255	1	A					NZ_CP009273		nonsynonymous	-1	S22_dinB_AMO_Second	11		SNP
									1	ampC/frdD	intergenic (-32/+29)	BlaEC family class C beta-lactamase/fumarate reductase subunit FrdD	</<			ampC		BW25113_RS21570/BW25113_RS21575			BW25113_RS21570	small_indel		702	1			4368793	4368795	4368793	52	2	ATA					NZ_CP009273	3		-1	S22_dinB_AMO_Second			DEL
L	100	V		CTT	100	1		GTT	1	frdD	298	fumarate reductase subunit FrdD	<		frdD			BW25113_RS21575		BW25113_RS21575		snp_nonsynonymous		1580	1	G		4368886	4368886	4368886	9	1	C					NZ_CP009273		nonsynonymous	-1	S22_dinB_AMO_Second	11		SNP
V	15	F		GTT	15	1		TTT	9.99011993e-02	yjfF	43	sugar ABC transporter permease YjfF	>		yjfF			BW25113_RS21975		BW25113_RS21975		snp_nonsynonymous		20	1	G		4443442	4443442	4443442	161	1	T					NZ_CP009273		nonsynonymous	-1	S22_dinB_AMO_Second	11		SNP
C	21	F		TGT	21	2		TTT	5.45964241e-02	pyrL	62	pyr operon leader peptide	<		pyrL			BW25113_RS22050		BW25113_RS22050		snp_nonsynonymous		20	1	C		4462289	4462289	4462289	273	1	A					NZ_CP009273		nonsynonymous	-1	S22_dinB_AMO_Second	11		SNP
									1	bdcR/tabA	intergenic (+117/-28)	TetR/AcrR family transcriptional regulator/toxin-antitoxin biofilm protein TabA	>/>			tabA		BW25113_RS22070/BW25113_RS22075			BW25113_RS22075	snp_intergenic		380	1	A		4464651	4464651	4464651	0	1	G					NZ_CP009273		intergenic	-1	S22_dinB_AMO_Second			SNP
G	45	V		GGT	45	2		GTT	5.66029549e-02	BW25113_RS22550	134	nucleoside recognition pore and gate family inner membrane transporter	<		BW25113_RS22550			BW25113_RS22550		BW25113_RS22550		snp_nonsynonymous		18	1	C		4550364	4550364	4550364	241	1	A					NZ_CP009273		nonsynonymous	-1	S22_dinB_AMO_Second	11		SNP
									1	hsdR	pseudogene (1282/3513 nt)	type I restriction-modification system endonuclease	<		hsdR			BW25113_RS22645		BW25113_RS22645		snp_pseudogene		341	1	G		4575297	4575297	4575297	0	1	A					NZ_CP009273		pseudogene	-1	S22_dinB_AMO_Second			SNP
									1	yjjP	pseudogene (350/771 nt)	threonine/serine exporter ThrE family protein	<		yjjP			BW25113_RS22720		BW25113_RS22720		snp_pseudogene		332	1	C		4592326	4592326	4592326	0	1	T					NZ_CP009273		pseudogene	-1	S22_dinB_AMO_Second			SNP
V	59	V		GTG	59	3		GTC	6.20045662e-02	bglJ	177	DNA-binding transcriptional activator BglJ	>		bglJ			BW25113_RS22730		BW25113_RS22730		snp_synonymous		19	1	G		4594153	4594153	4594153	251	1	C					NZ_CP009273		synonymous	-1	S22_dinB_AMO_Second	11		SNP
									2.27027027e-01	yjjV/yjjW	intergenic (+277/+123)	metal-dependent hydrolase/YjjW family glycine radical enzyme activase	>/<			yjjW		BW25113_RS22800/BW25113_RS22805			BW25113_RS22805	large_substitution		7	1	GGCCTACAACTATTGCCGACCTGTAGGCCGGATAAGGCACTTGTGCCGCATCCGGCAATCAATGCCTGATGCGACGCTGTCGCGTCTTATCAGGCCTACAACTGTTGCCGAC		4604354	4604374	4604354	715	2	21-bp					NZ_CP009273	21		-1	S22_dinB_AMO_Second			SUB
									5.46770096e-02	yjjV/yjjW	intergenic (+317/+103)	metal-dependent hydrolase/YjjW family glycine radical enzyme activase	>/<			yjjW		BW25113_RS22800/BW25113_RS22805			BW25113_RS22805	snp_intergenic		23	1	C		4604394	4604394	4604394	398	1	T					NZ_CP009273		intergenic	-1	S22_dinB_AMO_Second			SNP
L	133	I		CTA	133	1		ATA	1	yjjI	397	YjjI family glycine radical enzyme	<		yjjI			BW25113_RS22810		BW25113_RS22810		snp_nonsynonymous		291	1	G		4606486	4606486	4606486	1	1	T					NZ_CP009273		nonsynonymous	-1	S22_dinB_AMO_Second	11		SNP
G	238	V		GGT	238	2		GTT	5.61456680e-02	fixC	713	FAD-dependent oxidoreductase	>		fixC			BW25113_RS00225		BW25113_RS00225		snp_nonsynonymous		8	1	G		44892	44892	44892	117	1	T					NZ_CP009273		nonsynonymous	-1	S23_dinB_AMO_Second	11		SNP
P	268	L		CCG	268	2		CTG	6.21781349e-02	fhuB	803	Fe(3+)-hydroxamate ABC transporter permease FhuB	>		fhuB			BW25113_RS00770		BW25113_RS00770		snp_nonsynonymous		12	1	C		168751	168751	168751	182	1	T					NZ_CP009273		nonsynonymous	-1	S23_dinB_AMO_Second	11		SNP
N	5	K		AAC	5	3		AAA	1.23221874e-01	trpE	15	anthranilate synthase component I	<		trpE			BW25113_RS06590		BW25113_RS06590		snp_nonsynonymous		16	1	G		1317189	1317189	1317189	103	1	T					NZ_CP009273		nonsynonymous	-1	S23_dinB_AMO_Second	11		SNP
									5.09104729e-02	BW25113_RS07350	pseudogene (1047/2526 nt)	autotransporter domain-containing protein	>		BW25113_RS07350			BW25113_RS07350		BW25113_RS07350		snp_pseudogene		13	1	G		1460695	1460695	1460695	198	1	T					NZ_CP009273		pseudogene	-1	S23_dinB_AMO_Second			SNP
									1.29126549e-01	BW25113_RS07350	pseudogene (1113/2526 nt)	autotransporter domain-containing protein	>		BW25113_RS07350			BW25113_RS07350		BW25113_RS07350		snp_pseudogene		27	1	T		1460761	1460761	1460761	144	1	A					NZ_CP009273		pseudogene	-1	S23_dinB_AMO_Second			SNP
									1.20987415e-01	BW25113_RS07350	pseudogene (1213/2526 nt)	autotransporter domain-containing protein	>		BW25113_RS07350			BW25113_RS07350		BW25113_RS07350		snp_pseudogene		22	1	T		1460861	1460861	1460861	144	1	G					NZ_CP009273		pseudogene	-1	S23_dinB_AMO_Second			SNP
R	629	R		CGA	629	3		CGT	1.25617981e-01	rsxC	1887	electron transport complex subunit RsxC	>		rsxC			BW25113_RS08525		BW25113_RS08525		snp_synonymous		21	1	A		1703062	1703062	1703062	126	1	T					NZ_CP009273		synonymous	-1	S23_dinB_AMO_Second	11		SNP
A	642	A		GCG	642	3		GCC	6.17432594e-02	rsxC	1926	electron transport complex subunit RsxC	>		rsxC			BW25113_RS08525		BW25113_RS08525		snp_synonymous		11	1	G		1703101	1703101	1703101	144	1	C					NZ_CP009273		synonymous	-1	S23_dinB_AMO_Second	11		SNP
R	661	R		CGC	661	3		CGA	6.95185661e-02	rsxC	1983	electron transport complex subunit RsxC	>		rsxC			BW25113_RS08525		BW25113_RS08525		snp_synonymous		15	1	C		1703158	1703158	1703158	172	1	A					NZ_CP009273		synonymous	-1	S23_dinB_AMO_Second	11		SNP
Q	671	P		CAG	671	2		CCG	7.33094215e-02	rsxC	2012	electron transport complex subunit RsxC	>		rsxC			BW25113_RS08525		BW25113_RS08525		snp_nonsynonymous		15	1	A		1703187	1703187	1703187	161	1	C					NZ_CP009273		nonsynonymous	-1	S23_dinB_AMO_Second	11		SNP
S	23	A		TCC	23	1		GCC	7.75694847e-02	ttdA	67	L(+)-tartrate dehydratase subunit alpha	>		ttdA			BW25113_RS15900		BW25113_RS15900		snp_nonsynonymous		17	1	T		3199888	3199888	3199888	199	1	G					NZ_CP009273		nonsynonymous	-1	S23_dinB_AMO_Second	11		SNP
									1	[rpiB][phnH]		[rpiB],yjdP,phnP,phnO,phnN,phnM,phnL,phnK,phnJ,phnI,[phnH]		rpiB,yjdP,phnP,phnO,phnN,phnM,phnL,phnK,phnJ,phnI,phnH				[BW25113_RS21245][BW25113_RS21295]	BW25113_RS21245,BW25113_RS21250,BW25113_RS21255,BW25113_RS21260,BW25113_RS21265,BW25113_RS21270,BW25113_RS21275,BW25113_RS21280,BW25113_RS21285,BW25113_RS21290,BW25113_RS21295			large_deletion		191	1			4303199	4310988	4303199	0	2	7790-bp					NZ_CP009273	7790		-1	S23_dinB_AMO_Second			DEL
I	118	T		ATA	118	2		ACA	1	frdD	353	fumarate reductase subunit FrdD	<		frdD			BW25113_RS21575		BW25113_RS21575		snp_nonsynonymous		12819	1	A		4368831	4368831	4368831	2	1	G					NZ_CP009273		nonsynonymous	-1	S23_dinB_AMO_Second	11		SNP
Q	38	L		CAG	38	2		CTG	4.26962376e-01	surA	113	peptidylprolyl isomerase SurA	<		surA			BW25113_RS00275		BW25113_RS00275		snp_nonsynonymous		154	1	T		54590	54590	54590	205	1	A					NZ_CP009273		nonsynonymous	-1	S24_katE_AMO_Second	11		SNP
N	68	H		AAT	68	1		CAT	6.78734779e-02	BW25113_RS01095	202	hypothetical protein	<		BW25113_RS01095			BW25113_RS01095		BW25113_RS01095		snp_nonsynonymous		30	1	T		235022	235022	235022	323	1	G					NZ_CP009273		nonsynonymous	-1	S24_katE_AMO_Second	11		SNP
R	57	L		CGC	57	2		CTC	1.10452175e-01	paoD	170	molybdenum cofactor insertion chaperone PaoD	<		paoD			BW25113_RS01455		BW25113_RS01455		snp_nonsynonymous		20	1	C		294268	294268	294268	145	1	A					NZ_CP009273		nonsynonymous	-1	S24_katE_AMO_Second	11		SNP
									1.21126652e-01	iraP/phoA	intergenic (+58/-43)	anti-adapter protein IraP/alkaline phosphatase	>/>			phoA		BW25113_RS01980/BW25113_RS01985			BW25113_RS01985	snp_intergenic		38	1	G		397160	397160	397160	254	1	T					NZ_CP009273		intergenic	-1	S24_katE_AMO_Second			SNP
N	121	K		AAC	121	3		AAA	7.23562241e-02	ltaE	363	low-specificity L-threonine aldolase	<		ltaE			BW25113_RS04515		BW25113_RS04515		snp_nonsynonymous		19	1	G		904388	904388	904388	219	1	T					NZ_CP009273		nonsynonymous	-1	S24_katE_AMO_Second	11		SNP
G	290	G		GGG	290	3		GGT	7.52754211e-02	ydeE	870	efflux MFS transporter YdeE	>		ydeE			BW25113_RS08040		BW25113_RS08040		snp_synonymous		19	1	G		1616458	1616458	1616458	205	1	T					NZ_CP009273		synonymous	-1	S24_katE_AMO_Second	11		SNP
S	74	C		AGC	74	1		TGC	8.03399086e-02	rrrQ	220	lysozyme	<		rrrQ			BW25113_RS08150		BW25113_RS08150		snp_nonsynonymous		19	1	T		1634095	1634095	1634095	241	1	A					NZ_CP009273		nonsynonymous	-1	S24_katE_AMO_Second	11		SNP
R	597	R		CGA	597	3		CGT	1.60481930e-01	rsxC	1791	electron transport complex subunit RsxC	>		rsxC			BW25113_RS08525		BW25113_RS08525		snp_synonymous		39	1	A		1702966	1702966	1702966	192	1	T					NZ_CP009273		synonymous	-1	S24_katE_AMO_Second	11		SNP
R	629	R		CGA	629	3		CGT	1.33710861e-01	rsxC	1887	electron transport complex subunit RsxC	>		rsxC			BW25113_RS08525		BW25113_RS08525		snp_synonymous		23	1	A		1703062	1703062	1703062	142	1	T					NZ_CP009273		synonymous	-1	S24_katE_AMO_Second	11		SNP
Q	671	P		CAG	671	2		CCG	9.45816040e-02	rsxC	2012	electron transport complex subunit RsxC	>		rsxC			BW25113_RS08525		BW25113_RS08525		snp_nonsynonymous		24	1	A		1703187	1703187	1703187	207	1	C					NZ_CP009273		nonsynonymous	-1	S24_katE_AMO_Second	11		SNP
									1.18679523e-01	gatY/fbaB	intergenic (-30/+278)	tagatose-bisphosphate aldolase subunit GatY/class I fructose-bisphosphate aldolase	</<			gatY		BW25113_RS10935/BW25113_RS10940			BW25113_RS10935	snp_intergenic		21	1	A		2170713	2170713	2170713	169	1	C					NZ_CP009273		intergenic	-1	S24_katE_AMO_Second			SNP
									1.37032509e-01	gatY/fbaB	intergenic (-41/+267)	tagatose-bisphosphate aldolase subunit GatY/class I fructose-bisphosphate aldolase	</<			gatY		BW25113_RS10935/BW25113_RS10940			BW25113_RS10935	snp_intergenic		30	1	T		2170724	2170724	2170724	160	1	G					NZ_CP009273		intergenic	-1	S24_katE_AMO_Second			SNP
									5.21378517e-02	yehQ	pseudogene (1875/2001 nt)	C69 family dipeptidase	>		yehQ			BW25113_RS11070		BW25113_RS11070		snp_pseudogene		21	1	G		2204453	2204453	2204453	307	1	T					NZ_CP009273		pseudogene	-1	S24_katE_AMO_Second			SNP
									1.46104813e-01	eco/mqo	intergenic (+295/+420)	serine protease inhibitor ecotin/malate dehydrogenase (quinone)	>/<			mqo		BW25113_RS11530/BW25113_RS11535			BW25113_RS11535	snp_intergenic		13	1	C		2298167	2298167	2298167	73	1	A					NZ_CP009273		intergenic	-1	S24_katE_AMO_Second			SNP
									1.19258404e-01	eco/mqo	intergenic (+521/+194)	serine protease inhibitor ecotin/malate dehydrogenase (quinone)	>/<			mqo		BW25113_RS11530/BW25113_RS11535			BW25113_RS11535	snp_intergenic		15	1	C		2298393	2298393	2298393	96	1	A					NZ_CP009273		intergenic	-1	S24_katE_AMO_Second			SNP
V	232	L		GTG	232	1		TTG	6.93931580e-02	hycC	694	formate hydrogenlyase subunit 3	<		hycC			BW25113_RS14170		BW25113_RS14170		snp_nonsynonymous		20	1	C		2841907	2841907	2841907	226	1	A					NZ_CP009273		nonsynonymous	-1	S24_katE_AMO_Second	11		SNP
									6.02235794e-02	rplM/zapE	intergenic (-197/+22)	50S ribosomal protein L13/cell division protein ZapE	</<					BW25113_RS16750/BW25113_RS16755				snp_intergenic		22	1	G		3372207	3372207	3372207	273	1	T					NZ_CP009273		intergenic	-1	S24_katE_AMO_Second			SNP
M	1	M		ATC	1	3		ATG	6.19773865e-02	yieE	3	4'-phosphopantetheinyl transferase superfamily protein	>		yieE			BW25113_RS19300		BW25113_RS19300		snp_synonymous		21	1	C		3887243	3887243	3887243	274	1	G					NZ_CP009273		synonymous	-1	S24_katE_AMO_Second	11		SNP
G	471	V		GGG	471	2		GTG	1.00955009e-01	aceK	1412	bifunctional isocitrate dehydrogenase kinase/phosphatase	>		aceK			BW25113_RS20835		BW25113_RS20835		snp_nonsynonymous		22	1	G		4209935	4209935	4209935	183	1	T					NZ_CP009273		nonsynonymous	-1	S24_katE_AMO_Second	11		SNP
									8.93683434e-02	espX5/actP	intergenic (-153/+25)	T3SS effector pentapeptide repeat protein EspX5/cation/acetate symporter ActP	</<					BW25113_RS21115/BW25113_RS21120				snp_intergenic		13	1	G		4273156	4273156	4273156	135	1	T					NZ_CP009273		intergenic	-1	S24_katE_AMO_Second			SNP
R	310	L		CGG	310	2		CTG	1.20048046e-01	carB	929	carbamoyl-phosphate synthase large subunit	>		carB			BW25113_RS00170		BW25113_RS00170		snp_nonsynonymous		17	1	G		31745	31745	31745	112	1	T					NZ_CP009273		nonsynonymous	-1	S25_katE_AMO_Second	11		SNP
N	68	H		AAT	68	1		CAT	7.83085823e-02	BW25113_RS01095	202	hypothetical protein	<		BW25113_RS01095			BW25113_RS01095		BW25113_RS01095		snp_nonsynonymous		25	1	T		235022	235022	235022	220	1	G					NZ_CP009273		nonsynonymous	-1	S25_katE_AMO_Second	11		SNP
R	57	L		CGC	57	2		CTC	9.85651016e-02	paoD	170	molybdenum cofactor insertion chaperone PaoD	<		paoD			BW25113_RS01455		BW25113_RS01455		snp_nonsynonymous		17	1	C		294268	294268	294268	137	1	A					NZ_CP009273		nonsynonymous	-1	S25_katE_AMO_Second	11		SNP
R	432	L		CGG	432	2		CTG	9.13972855e-02	ybaL	1295	Kef family K(+) transporter	<		ybaL			BW25113_RS02470		BW25113_RS02470		snp_nonsynonymous		14	1	C		497400	497400	497400	122	1	A					NZ_CP009273		nonsynonymous	-1	S25_katE_AMO_Second	11		SNP
G	401	G		GGG	401	3		GGT	6.35480881e-02	efeB	1203	iron uptake transporter deferrochelatase/peroxidase subunit	>		efeB			BW25113_RS05305		BW25113_RS05305		snp_synonymous		17	1	G		1080034	1080034	1080034	208	1	T					NZ_CP009273		synonymous	-1	S25_katE_AMO_Second	11		SNP
H	183	N		CAC	183	1		AAC	8.89077187e-02	ycjF	547	YcjF family protein	>		ycjF			BW25113_RS06925		BW25113_RS06925		snp_nonsynonymous		15	1	C		1380314	1380314	1380314	138	1	A					NZ_CP009273		nonsynonymous	-1	S25_katE_AMO_Second	11		SNP
R	597	R		CGA	597	3		CGT	9.08060074e-02	rsxC	1791	electron transport complex subunit RsxC	>		rsxC			BW25113_RS08525		BW25113_RS08525		snp_synonymous		19	1	A		1702966	1702966	1702966	170	1	T					NZ_CP009273		synonymous	-1	S25_katE_AMO_Second	11		SNP
R	629	R		CGA	629	3		CGT	1.39347553e-01	rsxC	1887	electron transport complex subunit RsxC	>		rsxC			BW25113_RS08525		BW25113_RS08525		snp_synonymous		26	1	A		1703062	1703062	1703062	146	1	T					NZ_CP009273		synonymous	-1	S25_katE_AMO_Second	11		SNP
R	661	R		CGC	661	3		CGA	1.01665974e-01	rsxC	1983	electron transport complex subunit RsxC	>		rsxC			BW25113_RS08525		BW25113_RS08525		snp_synonymous		24	1	C		1703158	1703158	1703158	189	1	A					NZ_CP009273		synonymous	-1	S25_katE_AMO_Second	11		SNP
Q	671	P		CAG	671	2		CCG	7.45658875e-02	rsxC	2012	electron transport complex subunit RsxC	>		rsxC			BW25113_RS08525		BW25113_RS08525		snp_nonsynonymous		19	1	A		1703187	1703187	1703187	200	1	C					NZ_CP009273		nonsynonymous	-1	S25_katE_AMO_Second	11		SNP
G	308	G		GGT	308	3		GGA	5.76190948e-02	yebT	924	lipid-binding membrane homeostasis protein YebT	>		yebT			BW25113_RS09610		BW25113_RS09610		snp_synonymous		5	1	T		1912690	1912690	1912690	74	1	A					NZ_CP009273		synonymous	-1	S25_katE_AMO_Second	11		SNP
									9.79547501e-02	gatY/fbaB	intergenic (-30/+278)	tagatose-bisphosphate aldolase subunit GatY/class I fructose-bisphosphate aldolase	</<			gatY		BW25113_RS10935/BW25113_RS10940			BW25113_RS10935	snp_intergenic		17	1	A		2170713	2170713	2170713	132	1	C					NZ_CP009273		intergenic	-1	S25_katE_AMO_Second			SNP
									1.73447609e-01	gatY/fbaB	intergenic (-41/+267)	tagatose-bisphosphate aldolase subunit GatY/class I fructose-bisphosphate aldolase	</<			gatY		BW25113_RS10935/BW25113_RS10940			BW25113_RS10935	snp_intergenic		25	1	T		2170724	2170724	2170724	117	1	G					NZ_CP009273		intergenic	-1	S25_katE_AMO_Second			SNP
V	445	D		GTT	445	2		GAT	1	rpoD	1334	RNA polymerase sigma factor RpoD	>		rpoD			BW25113_RS15930		BW25113_RS15930		snp_nonsynonymous		218	1	T		3207739	3207739	3207739	3	1	A					NZ_CP009273		nonsynonymous	-1	S25_katE_AMO_Second	11		SNP
K	444	Q		AAA	444	1		CAA	6.35929108e-02	gspA	1330	type II secretion system protein GspA	<		gspA			BW25113_RS17225		BW25113_RS17225		snp_nonsynonymous		12	1	T		3447428	3447428	3447428	148	1	G					NZ_CP009273		nonsynonymous	-1	S25_katE_AMO_Second	11		SNP
V	242	F		GTT	242	1		TTT	5.81984520e-02	rtcR	724	DNA-binding transcriptional regulator RtcR	>		rtcR			BW25113_RS17725		BW25113_RS17725		snp_nonsynonymous		14	1	G		3552350	3552350	3552350	192	1	T					NZ_CP009273		nonsynonymous	-1	S25_katE_AMO_Second	11		SNP
V	369	L		GTG	369	1		TTG	7.48767853e-02	yhjG	1105	AsmA family protein	<		yhjG			BW25113_RS18265		BW25113_RS18265		snp_nonsynonymous		14	1	C		3670606	3670606	3670606	146	1	A					NZ_CP009273		nonsynonymous	-1	S25_katE_AMO_Second	11		SNP
R	45	R		CGG	45	3		CGT	5.66945076e-02	rpmB	135	50S ribosomal protein L28	<		rpmB			BW25113_RS18885		BW25113_RS18885		snp_synonymous		15	1	C		3804900	3804900	3804900	200	1	A					NZ_CP009273		synonymous	-1	S25_katE_AMO_Second	11		SNP
G	130	V		GGG	130	2		GTG	1.06667519e-01	nfi	389	deoxyribonuclease V	>		nfi			BW25113_RS20745		BW25113_RS20745		snp_nonsynonymous		16	1	G		4189106	4189106	4189106	120	1	T					NZ_CP009273		nonsynonymous	-1	S25_katE_AMO_Second	11		SNP
I	118	T		ATA	118	2		ACA	1	frdD	353	fumarate reductase subunit FrdD	<		frdD			BW25113_RS21575		BW25113_RS21575		snp_nonsynonymous		7038	1	A		4368831	4368831	4368831	1	1	G					NZ_CP009273		nonsynonymous	-1	S25_katE_AMO_Second	11		SNP
									5.45477867e-02	iraP/phoA	intergenic (+85/-16)	anti-adapter protein IraP/alkaline phosphatase	>/>			phoA		BW25113_RS01980/BW25113_RS01985			BW25113_RS01985	snp_intergenic		15	1	T		397187	397187	397187	232	1	A					NZ_CP009273		intergenic	-1	S25_katE_WT@Start_First			SNP
W	101	C		TGG	101	3		TGT	5.31082153e-02	sapD	303	peptide ABC transporter ATP-binding protein SapD	<		sapD			BW25113_RS06765		BW25113_RS06765		snp_nonsynonymous		9	1	C		1347583	1347583	1347583	145	1	A					NZ_CP009273		nonsynonymous	-1	S25_katE_WT@Start_First	11		SNP
									7.45697021e-02	BW25113_RS07350	pseudogene (945/2526 nt)	autotransporter domain-containing protein	>		BW25113_RS07350			BW25113_RS07350		BW25113_RS07350		snp_pseudogene		15	1	G		1460593	1460593	1460593	186	1	C					NZ_CP009273		pseudogene	-1	S25_katE_WT@Start_First			SNP
R	597	R		CGA	597	3		CGT	1.13599777e-01	rsxC	1791	electron transport complex subunit RsxC	>		rsxC			BW25113_RS08525		BW25113_RS08525		snp_synonymous		30	1	A		1702966	1702966	1702966	206	1	T					NZ_CP009273		synonymous	-1	S25_katE_WT@Start_First	11		SNP
R	629	R		CGA	629	3		CGT	1.90472126e-01	rsxC	1887	electron transport complex subunit RsxC	>		rsxC			BW25113_RS08525		BW25113_RS08525		snp_synonymous		36	1	A		1703062	1703062	1703062	152	1	T					NZ_CP009273		synonymous	-1	S25_katE_WT@Start_First	11		SNP
D	643	E		GAC	643	3		GAG	6.18538857e-02	rsxC	1929	electron transport complex subunit RsxC	>		rsxC			BW25113_RS08525		BW25113_RS08525		snp_nonsynonymous		14	1	C		1703104	1703104	1703104	202	1	G					NZ_CP009273		nonsynonymous	-1	S25_katE_WT@Start_First	11		SNP
									6.90965652e-02	gatY/fbaB	intergenic (-30/+278)	tagatose-bisphosphate aldolase subunit GatY/class I fructose-bisphosphate aldolase	</<			gatY		BW25113_RS10935/BW25113_RS10940			BW25113_RS10935	snp_intergenic		17	1	A		2170713	2170713	2170713	190	1	C					NZ_CP009273		intergenic	-1	S25_katE_WT@Start_First			SNP
G	127	V		GGT	127	2		GTT	7.41105080e-02	fadJ	380	fatty acid oxidation complex subunit alpha FadJ	<		fadJ			BW25113_RS12215		BW25113_RS12215		snp_nonsynonymous		14	1	C		2452259	2452259	2452259	162	1	A					NZ_CP009273		nonsynonymous	-1	S25_katE_WT@Start_First	11		SNP
K	433	Q		AAA	433	1		CAA	1.01313591e-01	BW25113_RS12270	1297	hypothetical protein	>		BW25113_RS12270			BW25113_RS12270		BW25113_RS12270		snp_nonsynonymous		25	1	A		2463906	2463906	2463906	180	1	C					NZ_CP009273		nonsynonymous	-1	S25_katE_WT@Start_First	11		SNP
									5.25450706e-02	BW25113_RS14840/BW25113_RS14845	intergenic (+33/-50)	hypothetical protein/lytic transglycosylase domain-containing protein	>/>			BW25113_RS14845		BW25113_RS14840/BW25113_RS14845			BW25113_RS14845	snp_intergenic		20	1	A		2987248	2987248	2987248	351	1	T					NZ_CP009273		intergenic	-1	S25_katE_WT@Start_First			SNP
									8.88710022e-02	espX5/actP	intergenic (-153/+25)	T3SS effector pentapeptide repeat protein EspX5/cation/acetate symporter ActP	</<					BW25113_RS21115/BW25113_RS21120				snp_intergenic		11	1	G		4273156	4273156	4273156	111	1	T					NZ_CP009273		intergenic	-1	S25_katE_WT@Start_First			SNP
*	88	Q		TAG	88	1		CAG	1	fimE	262	type 1 fimbria switch DNA invertase FimE	>	fimE				BW25113_RS22435	BW25113_RS22435			snp_nonsense		366	1	T		4532115	4532115	4532115	0	1	C					NZ_CP009273		nonsense	-1	S25_katE_WT@Start_First	11		SNP
R	135	T		AGG	135	2		ACG	1	fimA	404	type 1 fimbrial major subunit FimA	>		fimA			BW25113_RS22445		BW25113_RS22445		snp_nonsynonymous		333	1	G		4533335	4533335	4533335	0	1	C					NZ_CP009273		nonsynonymous	-1	S25_katE_WT@Start_First	11		SNP
									5.68447113e-02	djlC/hscC	intergenic (+31/+29)	co-chaperone DjlC/molecular chaperone HscC	>/<			hscC		BW25113_RS03370/BW25113_RS03375			BW25113_RS03375	snp_intergenic		8	1	G		677150	677150	677150	133	1	A					NZ_CP009273		intergenic	-1	S26_katE_WT@End_First			SNP
S	158	R		AGT	158	1		CGT	9.23312664e-01	sapF	472	peptide ABC transporter ATP-binding protein SapF	<		sapF			BW25113_RS06760		BW25113_RS06760		snp_nonsynonymous		241	1	T		1346420	1346420	1346420	20	1	G					NZ_CP009273		nonsynonymous	-1	S26_katE_WT@End_First	11		SNP
									5.39560318e-02	BW25113_RS07350	pseudogene (945/2526 nt)	autotransporter domain-containing protein	>		BW25113_RS07350			BW25113_RS07350		BW25113_RS07350		snp_pseudogene		11	1	G		1460593	1460593	1460593	177	1	C					NZ_CP009273		pseudogene	-1	S26_katE_WT@End_First			SNP
									6.34226799e-02	BW25113_RS07350	pseudogene (1194/2526 nt)	autotransporter domain-containing protein	>		BW25113_RS07350			BW25113_RS07350		BW25113_RS07350		snp_pseudogene		16	1	A		1460842	1460842	1460842	195	1	T					NZ_CP009273		pseudogene	-1	S26_katE_WT@End_First			SNP
R	597	R		CGA	597	3		CGT	1.39932156e-01	rsxC	1791	electron transport complex subunit RsxC	>		rsxC			BW25113_RS08525		BW25113_RS08525		snp_synonymous		38	1	A		1702966	1702966	1702966	196	1	T					NZ_CP009273		synonymous	-1	S26_katE_WT@End_First	11		SNP
V	616	V		GTA	616	3		GTC	7.06825256e-02	rsxC	1848	electron transport complex subunit RsxC	>		rsxC			BW25113_RS08525		BW25113_RS08525		snp_synonymous		19	1	A		1703023	1703023	1703023	197	1	C					NZ_CP009273		synonymous	-1	S26_katE_WT@End_First	11		SNP
R	629	R		CGA	629	3		CGT	1.50912285e-01	rsxC	1887	electron transport complex subunit RsxC	>		rsxC			BW25113_RS08525		BW25113_RS08525		snp_synonymous		32	1	A		1703062	1703062	1703062	169	1	T					NZ_CP009273		synonymous	-1	S26_katE_WT@End_First	11		SNP
A	642	A		GCG	642	3		GCC	5.22942543e-02	rsxC	1926	electron transport complex subunit RsxC	>		rsxC			BW25113_RS08525		BW25113_RS08525		snp_synonymous		13	1	G		1703101	1703101	1703101	219	1	C					NZ_CP009273		synonymous	-1	S26_katE_WT@End_First	11		SNP
R	661	R		CGC	661	3		CGA	7.67455101e-02	rsxC	1983	electron transport complex subunit RsxC	>		rsxC			BW25113_RS08525		BW25113_RS08525		snp_synonymous		20	1	C		1703158	1703158	1703158	223	1	A					NZ_CP009273		synonymous	-1	S26_katE_WT@End_First	11		SNP
Q	671	P		CAG	671	2		CCG	5.81121445e-02	rsxC	2012	electron transport complex subunit RsxC	>		rsxC			BW25113_RS08525		BW25113_RS08525		snp_nonsynonymous		16	1	A		1703187	1703187	1703187	213	1	C					NZ_CP009273		nonsynonymous	-1	S26_katE_WT@End_First	11		SNP
									1.25087738e-01	gatY/fbaB	intergenic (-41/+267)	tagatose-bisphosphate aldolase subunit GatY/class I fructose-bisphosphate aldolase	</<			gatY		BW25113_RS10935/BW25113_RS10940			BW25113_RS10935	snp_intergenic		27	1	T		2170724	2170724	2170724	170	1	G					NZ_CP009273		intergenic	-1	S26_katE_WT@End_First			SNP
T	253	N		ACC	253	2		AAC	1.40847206e-01	yqeB	758	selenium-dependent molybdenum cofactor biosynthesis protein YqeB	<		yqeB			BW25113_RS14950		BW25113_RS14950		snp_nonsynonymous		25	1	G		3006841	3006841	3006841	150	1	T					NZ_CP009273		nonsynonymous	-1	S26_katE_WT@End_First	11		SNP
G	46	V		GGT	46	2		GTT	5.43661118e-02	rpsE	137	30S ribosomal protein S5	<		rpsE			BW25113_RS17125		BW25113_RS17125		snp_nonsynonymous		11	1	C		3438452	3438452	3438452	179	1	A					NZ_CP009273		nonsynonymous	-1	S26_katE_WT@End_First	11		SNP
									8.41760635e-02	mgtA	coding (1606/2697 nt)	magnesium-translocating P-type ATPase	>	mgtA			1	BW25113_RS22030	BW25113_RS22030			small_indel		25	1	A		4459047	4459047	4459047	272	1	A					NZ_CP009273			-1	S26_katE_WT@End_First			INS
*	88	Q		TAG	88	1		CAG	1	fimE	262	type 1 fimbria switch DNA invertase FimE	>	fimE				BW25113_RS22435	BW25113_RS22435			snp_nonsense		302	1	T		4532115	4532115	4532115	2	1	C					NZ_CP009273		nonsense	-1	S26_katE_WT@End_First	11		SNP
R	135	T		AGG	135	2		ACG	1	fimA	404	type 1 fimbrial major subunit FimA	>		fimA			BW25113_RS22445		BW25113_RS22445		snp_nonsynonymous		320	1	G		4533335	4533335	4533335	0	1	C					NZ_CP009273		nonsynonymous	-1	S26_katE_WT@End_First	11		SNP
R	57	L		CGC	57	2		CTC	6.07156754e-02	paoD	170	molybdenum cofactor insertion chaperone PaoD	<		paoD			BW25113_RS01455		BW25113_RS01455		snp_nonsynonymous		16	1	C		294268	294268	294268	220	1	A					NZ_CP009273		nonsynonymous	-1	S27_katE_AMO_First	11		SNP
									8.08691978e-02	glnS/chiP	intergenic (+247/-330)	glutamine--tRNA ligase/chitoporin	>/>			chiP		BW25113_RS03505/BW25113_RS03510			BW25113_RS03510	snp_intergenic		25	1	A		703460	703460	703460	226	1	C					NZ_CP009273		intergenic	-1	S27_katE_AMO_First			SNP
P	75	T		CCG	75	1		ACG	5.74030876e-02	ycbF	223	fimbrial chaperone	>		ycbF			BW25113_RS04895		BW25113_RS04895		snp_nonsynonymous		15	1	C		999598	999598	999598	219	1	A					NZ_CP009273		nonsynonymous	-1	S27_katE_AMO_First	11		SNP
V	179	V		GTT	179	3		GTC	8.14766884e-02	phoH	537	phosphate starvation-inducible protein PhoH	>		phoH			BW25113_RS05315		BW25113_RS05315		snp_synonymous		25	1	T		1081260	1081260	1081260	281	1	C					NZ_CP009273		synonymous	-1	S27_katE_AMO_First	11		SNP
E	150	V		GAA	150	2		GTA	6.27288818e-02	minD	449	septum site-determining protein MinD	<		minD			BW25113_RS06115		BW25113_RS06115		snp_nonsynonymous		28	1	T		1220369	1220369	1220369	381	1	A					NZ_CP009273		nonsynonymous	-1	S27_katE_AMO_First	11		SNP
									5.68532944e-02	BW25113_RS23085/BW25113_RS23090	intergenic (-25/+22)	RtT sRNA/RtT sRNA	</<			BW25113_RS23085		BW25113_RS23085/BW25113_RS23090			BW25113_RS23085	snp_intergenic		25	1	T		1282322	1282322	1282322	417	1	A					NZ_CP009273		intergenic	-1	S27_katE_AMO_First			SNP
									6.11467361e-02	BW25113_RS07350	pseudogene (919/2526 nt)	autotransporter domain-containing protein	>		BW25113_RS07350			BW25113_RS07350		BW25113_RS07350		snp_pseudogene		15	1	G		1460567	1460567	1460567	226	1	A					NZ_CP009273		pseudogene	-1	S27_katE_AMO_First			SNP
									7.78965950e-02	BW25113_RS07350	pseudogene (945/2526 nt)	autotransporter domain-containing protein	>		BW25113_RS07350			BW25113_RS07350		BW25113_RS07350		snp_pseudogene		16	1	G		1460593	1460593	1460593	181	1	C					NZ_CP009273		pseudogene	-1	S27_katE_AMO_First			SNP
R	597	R		CGA	597	3		CGT	1.22359753e-01	rsxC	1791	electron transport complex subunit RsxC	>		rsxC			BW25113_RS08525		BW25113_RS08525		snp_synonymous		35	1	A		1702966	1702966	1702966	220	1	T					NZ_CP009273		synonymous	-1	S27_katE_AMO_First	11		SNP
R	629	R		CGA	629	3		CGT	1.29732132e-01	rsxC	1887	electron transport complex subunit RsxC	>		rsxC			BW25113_RS08525		BW25113_RS08525		snp_synonymous		32	1	A		1703062	1703062	1703062	188	1	T					NZ_CP009273		synonymous	-1	S27_katE_AMO_First	11		SNP
R	661	R		CGC	661	3		CGA	6.24470711e-02	rsxC	1983	electron transport complex subunit RsxC	>		rsxC			BW25113_RS08525		BW25113_RS08525		snp_synonymous		18	1	C		1703158	1703158	1703158	244	1	A					NZ_CP009273		synonymous	-1	S27_katE_AMO_First	11		SNP
Q	671	P		CAG	671	2		CCG	7.75370598e-02	rsxC	2012	electron transport complex subunit RsxC	>		rsxC			BW25113_RS08525		BW25113_RS08525		snp_nonsynonymous		21	1	A		1703187	1703187	1703187	228	1	C					NZ_CP009273		nonsynonymous	-1	S27_katE_AMO_First	11		SNP
A	223	V		GCT	223	2		GTT	5.70263863e-02	sbcB	668	exodeoxyribonuclease I	>		sbcB			BW25113_RS10510		BW25113_RS10510		snp_nonsynonymous		19	1	C		2076904	2076904	2076904	314	1	T					NZ_CP009273		nonsynonymous	-1	S27_katE_AMO_First	11		SNP
									8.82129669e-02	gatY/fbaB	intergenic (-30/+278)	tagatose-bisphosphate aldolase subunit GatY/class I fructose-bisphosphate aldolase	</<			gatY		BW25113_RS10935/BW25113_RS10940			BW25113_RS10935	snp_intergenic		22	1	A		2170713	2170713	2170713	189	1	C					NZ_CP009273		intergenic	-1	S27_katE_AMO_First			SNP
									1.03751183e-01	gatY/fbaB	intergenic (-41/+267)	tagatose-bisphosphate aldolase subunit GatY/class I fructose-bisphosphate aldolase	</<			gatY		BW25113_RS10935/BW25113_RS10940			BW25113_RS10935	snp_intergenic		26	1	T		2170724	2170724	2170724	196	1	G					NZ_CP009273		intergenic	-1	S27_katE_AMO_First			SNP
K	433	Q		AAA	433	1		CAA	1.01782799e-01	BW25113_RS12270	1297	hypothetical protein	>		BW25113_RS12270			BW25113_RS12270		BW25113_RS12270		snp_nonsynonymous		26	1	A		2463906	2463906	2463906	193	1	C					NZ_CP009273		nonsynonymous	-1	S27_katE_AMO_First	11		SNP
V	445	D		GTT	445	2		GAT	1	rpoD	1334	RNA polymerase sigma factor RpoD	>		rpoD			BW25113_RS15930		BW25113_RS15930		snp_nonsynonymous		274	1	T		3207739	3207739	3207739	1	1	A					NZ_CP009273		nonsynonymous	-1	S27_katE_AMO_First	11		SNP
V	96	F		GTT	96	1		TTT	6.31403923e-02	ilvA	286	threonine ammonia-lyase, biosynthetic	>		ilvA			BW25113_RS19590		BW25113_RS19590		snp_nonsynonymous		15	1	G		3948976	3948976	3948976	201	1	T					NZ_CP009273		nonsynonymous	-1	S27_katE_AMO_First	11		SNP
									1.06513023e-01	espX5/actP	intergenic (-153/+25)	T3SS effector pentapeptide repeat protein EspX5/cation/acetate symporter ActP	</<					BW25113_RS21115/BW25113_RS21120				snp_intergenic		14	1	G		4273156	4273156	4273156	121	1	T					NZ_CP009273		intergenic	-1	S27_katE_AMO_First			SNP
									1	frdD	coding (338/360 nt)	fumarate reductase subunit FrdD	<		frdD		1	BW25113_RS21575		BW25113_RS21575		small_indel		3917	1	A		4368846	4368846	4368846	49	1	A					NZ_CP009273			-1	S27_katE_AMO_First			INS
*	88	Q		TAG	88	1		CAG	1	fimE	262	type 1 fimbria switch DNA invertase FimE	>	fimE				BW25113_RS22435	BW25113_RS22435			snp_nonsense		380	1	T		4532115	4532115	4532115	0	1	C					NZ_CP009273		nonsense	-1	S27_katE_AMO_First	11		SNP
R	135	T		AGG	135	2		ACG	1	fimA	404	type 1 fimbrial major subunit FimA	>		fimA			BW25113_RS22445		BW25113_RS22445		snp_nonsynonymous		360	1	G		4533335	4533335	4533335	1	1	C					NZ_CP009273		nonsynonymous	-1	S27_katE_AMO_First	11		SNP
